Date;Parcelle;Traitement;Exclos;Motte;Motte_enveloppe;Sp;Sp_enveloppe;Nbr_Tiges;Nbr_individu_repro
22/07/2018;72;PA;Exclos;B3;1;SAAR;1;3;1
22/07/2018;72;PA;Exclos;B3;1;GRAM_feuilles striées;2;0;0
22/07/2018;72;PA;Exclos;B3;1;ERSC;3;0;0
22/07/2018;72;PA;Exclos;B1;2;SAAR;1;1;1
22/07/2018;72;PA;Exclos;B1;2;GRAM_feuilles striées;2;0;0
22/07/2018;72;PA;Exclos;B1;2;ERSC;3;0;0
22/07/2018;72;PA;Exclos;A3;3;SAAR;1;4;0
22/07/2018;72;PA;Exclos;A3;3;GRAM_feuilles striées;2;3;0
22/07/2018;72;PA;Exclos;A3;3;ERSC;3;0;0
22/07/2018;72;PA;Exclos;A8;4;ERSC;3;2;0
22/07/2018;72;PA;Exclos;A8;4;GRAM_feuilles striées;2;7;0
22/07/2018;72;PA;Exclos;A8;4;SAAR;1;2;0
24/07/2018;ROC8;4;Exclos;C8;1;ERSC;1;7;0
24/07/2018;ROC8;4;Exclos;C8;1;DUFI;2;25;0
24/07/2018;ROC8;4;Exclos;B3;2;ERSC;1;5;0
24/07/2018;ROC8;4;Exclos;B3;2;DUFI;2;16;0
24/07/2018;ROC8;4;Exclos;E8;3;ERSC;1;6;0
24/07/2018;ROC8;4;Exclos;E8;3;DUFI;2;24;0
24/07/2018;ROC8;4;Exclos;F3;4;ERSC;1;4;0
24/07/2018;ROC8;4;Exclos;F3;4;DUFI;2;28;0
24/07/2018;ROC8;4;Temoin;C8;1;DUFI;1;78;0
24/07/2018;ROC8;4;Temoin;D8;2;DUFI;1;36;0
24/07/2018;ROC8;4;Temoin;F3;3;DUFI;1;17;0
24/07/2018;ROC8;4;Temoin;G6;4;DUFI;1;28;0
24/07/2018;ROC8;4;Temoin;C8;1;ERSC;2;4;0
24/07/2018;ROC8;4;Temoin;D8;2;ERSC;2;3;0
24/07/2018;ROC8;4;Temoin;F3;3;ERSC;2;5;0
24/07/2018;ROC8;4;Temoin;G6;4;ERSC;2;2;0
24/07/2018;ROC8;4;Temoin;C8;1;CAAQ;3;4;0
24/07/2018;ROC8;4;Temoin;D8;2;CAAQ;3;8;0
24/07/2018;ROC8;4;Temoin;F3;3;CAAQ;3;2;0
24/07/2018;ROC8;4;Temoin;G6;4;CAAQ;3;4;0
24/07/2018;ROC8;4;Temoin;C8;1;ERAN;4;5;0
24/07/2018;ROC8;4;Temoin;D8;2;ERAN;4;0;0
24/07/2018;ROC8;4;Temoin;F3;3;ERAN;4;0;0
24/07/2018;ROC8;4;Temoin;G6;4;ERAN;4;0;0
24/07/2018;ROC8;4;Temoin;G6;4;Poaceae_sp;5;5;0
24/07/2018;ROC8;4;Temoin;G6;3;Dicots;6;2;0
24/07/2018;ROC8;1;Temoin;D4;1;DUFI;1;41;0
24/07/2018;ROC8;1;Temoin;D4;1;CAAQ;2;8;0
24/07/2018;ROC8;1;Temoin;D4;1;ERSC;3;4;0
24/07/2018;ROC8;1;Temoin;C7;2;DUFI;1;47;0
24/07/2018;ROC8;1;Temoin;C7;2;CAAQ;2;8;0
24/07/2018;ROC8;1;Temoin;C7;2;ERSC;3;0;0
24/07/2018;ROC8;1;Temoin;B3;3;DUFI;1;7;0
24/07/2018;ROC8;1;Temoin;B3;3;CAAQ;2;10;1
24/07/2018;ROC8;1;Temoin;B3;3;ERSC;3;0;0
24/07/2018;ROC8;1;Temoin;B5;4;DUFI;1;37;0
24/07/2018;ROC8;1;Temoin;B5;4;CAAQ;2;10;0
24/07/2018;ROC8;1;Temoin;B5;4;ERSC;3;0;0
24/07/2018;ROC8;1;Temoin;B5;4;inconnue;4;5;0
25/07/2018;ROC8;1;Exclos;B8;1;DUFI;1;11;
25/07/2018;ROC8;1;Exclos;B8;1;CAAQ;2;8;
25/07/2018;ROC8;1;Exclos;B8;1;ERSC;3;2;
25/07/2018;ROC8;1;Exclos;B8;1;STLO;4;0;
25/07/2018;ROC8;1;Exclos;G7;2;DUFI;1;8;
25/07/2018;ROC8;1;Exclos;G7;2;CAAQ;2;3;
25/07/2018;ROC8;1;Exclos;G7;2;ERSC;3;0;
25/07/2018;ROC8;1;Exclos;G7;2;STLO;4;0;
25/07/2018;ROC8;1;Exclos;F7;3;DUFI;1;11;
25/07/2018;ROC8;1;Exclos;F7;3;CAAQ;2;3;
25/07/2018;ROC8;1;Exclos;F7;3;ERSC;3;0;
25/07/2018;ROC8;1;Exclos;F7;3;STLO;4;0;
25/07/2018;ROC8;1;Exclos;H5;4;DUFI;1;9;1
25/07/2018;ROC8;1;Exclos;H5;4;CAAQ;2;6;1
25/07/2018;ROC8;1;Exclos;H5;4;ERSC;3;0;
25/07/2018;ROC8;1;Exclos;H5;4;STLO;4;0;
25/07/2018;ROC8;6;Temoin;D7;1;DUFI;1;103;
25/07/2018;ROC8;6;Temoin;D7;1;ERSC;2;10;
25/07/2018;ROC8;6;Temoin;G5;2;DUFI;1;90;
25/07/2018;ROC8;6;Temoin;G5;2;ERSC;2;26;
25/07/2018;ROC8;6;Temoin;B2;3;DUFI;1;48;
25/07/2018;ROC8;6;Temoin;B2;3;ERSC;2;37;1
25/07/2018;ROC8;6;Temoin;D6;4;DUFI;1;95;
25/07/2018;ROC8;6;Temoin;D6;4;ERSC;2;8;1
25/07/2018;ROC8;6;Exclos;E5;1;DUFI;1;17;
25/07/2018;ROC8;6;Exclos;E5;1;CAAQ;3;2;
25/07/2018;ROC8;6;Exclos;E5;1;ERSC;2;23;1
25/07/2018;ROC8;6;Exclos;E5;1;STLO;4;80;
25/07/2018;ROC8;6;Exclos;E5;1;CAPR;5;20;
25/07/2018;ROC8;6;Exclos;E1;2;DUFI;1;18;
25/07/2018;ROC8;6;Exclos;E1;2;CAAQ;3;0;
25/07/2018;ROC8;6;Exclos;E1;2;ERSC;2;16;
25/07/2018;ROC8;6;Exclos;E1;2;STLO;4;104;
25/07/2018;ROC8;6;Exclos;E1;2;CAPR;5;0;
25/07/2018;ROC8;6;Exclos;G1;3;DUFI;1;39;
25/07/2018;ROC8;6;Exclos;G1;3;CAAQ;3;0;
25/07/2018;ROC8;6;Exclos;G1;3;ERSC;2;5;
25/07/2018;ROC8;6;Exclos;G1;3;STLO;4;25;
25/07/2018;ROC8;6;Exclos;G1;3;CAPR;5;0;
25/07/2018;ROC8;6;Exclos;E6;4;DUFI;1;9;
25/07/2018;ROC8;6;Exclos;E6;4;CAAQ;3;15;
25/07/2018;ROC8;6;Exclos;E6;4;ERSC;2;20;
25/07/2018;ROC8;6;Exclos;E6;4;STLO;4;51;
25/07/2018;ROC8;6;Exclos;E6;4;CAPR;5;10;
25/07/2018;ROC8;10;Exclos;A8;1;DUFI;;51;1
25/07/2018;ROC8;10;Exclos;A8;1;ERSC;;4;
25/07/2018;ROC8;10;Exclos;A8;1;CAAQ;;1;1
25/07/2018;ROC8;10;Exclos;C6;2;DUFI;1;19;
25/07/2018;ROC8;10;Exclos;C6;2;ERSC;2;2;
25/07/2018;ROC8;10;Exclos;C6;2;CAAQ;3;8;
25/07/2018;ROC8;10;Exclos;D8;3;DUFI;1;47;1
25/07/2018;ROC8;10;Exclos;D8;3;ERSC;2;1;
25/07/2018;ROC8;10;Exclos;D8;3;CAAQ;3;65;3
25/07/2018;ROC8;10;Exclos;C4;4;DUFI;1;30;
25/07/2018;ROC8;10;Exclos;C4;4;ERSC;2;8;
25/07/2018;ROC8;10;Exclos;C4;4;CAAQ;3;17;1
26/07/2018;ROC8;10;Temoin;C5;1;DUFI;1;46;
26/07/2018;ROC8;10;Temoin;C5;1;CAAQ;2;7;
26/07/2018;ROC8;10;Temoin;C5;1;CAPR;3;5;
26/07/2018;ROC8;10;Temoin;C5;1;ERSC;4;0;
26/07/2018;ROC8;10;Temoin;A4;2;DUFI;1;44;
26/07/2018;ROC8;10;Temoin;A4;2;CAAQ;2;9;
26/07/2018;ROC8;10;Temoin;A4;2;CAPR;3;7;
26/07/2018;ROC8;10;Temoin;A4;2;ERSC;4;1;
26/07/2018;ROC8;10;Temoin;H3;3;DUFI;1;41;
26/07/2018;ROC8;10;Temoin;H3;3;CAAQ;2;15;
26/07/2018;ROC8;10;Temoin;H3;3;CAPR;3;0;
26/07/2018;ROC8;10;Temoin;H3;3;ERSC;4;0;
26/07/2018;ROC8;10;Temoin;C8;4;DUFI;1;8;
26/07/2018;ROC8;10;Temoin;C8;4;CAAQ;2;12;
26/07/2018;ROC8;10;Temoin;C8;4;CAPR;3;0;
26/07/2018;ROC8;10;Temoin;C8;4;ERSC;4;0;
26/07/2018;ROC8;14;Exclos;H6;1;DUFI;1;48;
26/07/2018;ROC8;14;Exclos;H6;1;STLO;2;168;
26/07/2018;ROC8;14;Exclos;H6;1;CAAQ;3;6;
26/07/2018;ROC8;14;Exclos;H6;1;GRAM_gaine_rose;4;0;
26/07/2018;ROC8;14;Exclos;A5;2;DUFI;1;59;
26/07/2018;ROC8;14;Exclos;A5;2;STLO;2;43;
26/07/2018;ROC8;14;Exclos;A5;2;CAAQ;3;0;
26/07/2018;ROC8;14;Exclos;A5;2;GRAM_gaine_rose;4;20;
26/07/2018;ROC8;14;Exclos;C2;3;DUFI;1;35;
26/07/2018;ROC8;14;Exclos;C2;3;STLO;2;24;1
26/07/2018;ROC8;14;Exclos;C2;3;CAAQ;3;0;
26/07/2018;ROC8;14;Exclos;C2;3;GRAM_gaine_rose;4;48;
26/07/2018;ROC8;14;Exclos;C8;4;DUFI;1;56;
26/07/2018;ROC8;14;Exclos;C8;4;STLO;2;30;
26/07/2018;ROC8;14;Exclos;C8;4;CAAQ;3;0;
26/07/2018;ROC8;14;Exclos;C8;4;GRAM_gaine_rose;4;0;
26/07/2018;ROC8;14;Temoin;B7;1;DUFI;1;97;
26/07/2018;ROC8;14;Temoin;B7;1;CAAQ;2;15;
26/07/2018;ROC8;14;Temoin;B7;1;STLO;3;1;
26/07/2018;ROC8;14;Temoin;B7;1;GRAM_gaine_rose;4;0;
26/07/2018;ROC8;14;Temoin;B7;1;CAPR;5;0;
26/07/2018;ROC8;14;Temoin;G4;2;DUFI;1;140;
26/07/2018;ROC8;14;Temoin;G4;2;CAAQ;2;8;
26/07/2018;ROC8;14;Temoin;G4;2;STLO;3;3;
26/07/2018;ROC8;14;Temoin;G4;2;GRAM_gaine_rose;4;3;
26/07/2018;ROC8;14;Temoin;G4;2;CAPR;5;0;
27/07/2018;ROC8;14;Temoin;F7;3;DUFI;1;120;
27/07/2018;ROC8;14;Temoin;F7;3;CAAQ;2;4;
27/07/2018;ROC8;14;Temoin;F7;3;STLO;3;4;
27/07/2018;ROC8;14;Temoin;F7;3;GRAM_gaine_rose;4;50;
27/07/2018;ROC8;14;Temoin;F7;3;CAPR;5;0;
27/07/2018;ROC8;14;Temoin;G3;4;DUFI;1;81;
27/07/2018;ROC8;14;Temoin;G3;4;CAAQ;2;4;
27/07/2018;ROC8;14;Temoin;G3;4;STLO;3;10;
27/07/2018;ROC8;14;Temoin;G3;4;GRAM_gaine_rose;4;0;
27/07/2018;ROC8;14;Temoin;G3;4;CAPR;5;57;
27/07/2018;ROC3;14;Temoin;H7;1;HIPA;1;50;
27/07/2018;ROC3;14;Temoin;H7;1;DUFI;2;81;
27/07/2018;ROC3;14;Temoin;H7;1;STLO;3;12;
27/07/2018;ROC3;14;Temoin;H7;1;CAPR;4;0;
27/07/2018;ROC3;14;Temoin;H7;1;PEAL;5;0;
27/07/2018;ROC3;14;Temoin;H7;1;LUCO;6;0;
27/07/2018;ROC3;14;Temoin;H7;1;CAAQ;7;0;
27/07/2018;ROC3;14;Temoin;F8;2;HIPA;1;112;
27/07/2018;ROC3;14;Temoin;F8;2;DUFI;2;41;
27/07/2018;ROC3;14;Temoin;F8;2;STLO;3;20;
27/07/2018;ROC3;14;Temoin;F8;2;CAPR;4;1;
27/07/2018;ROC3;14;Temoin;F8;2;PEAL;5;1;
27/07/2018;ROC3;14;Temoin;F8;2;LUCO;6;0;
27/07/2018;ROC3;14;Temoin;F8;2;CAAQ;7;0;
27/07/2018;ROC3;14;Temoin;E8;3;HIPA;1;73;
27/07/2018;ROC3;14;Temoin;E8;3;DUFI;2;34;
27/07/2018;ROC3;14;Temoin;E8;3;STLO;3;29;3
27/07/2018;ROC3;14;Temoin;E8;3;CAPR;4;9;
27/07/2018;ROC3;14;Temoin;E8;3;PEAL;5;0;
27/07/2018;ROC3;14;Temoin;E8;3;LUCO;6;0;
27/07/2018;ROC3;14;Temoin;E8;3;CAAQ;7;0;
27/07/2018;ROC3;14;Temoin;E2;4;HIPA;1;124;
27/07/2018;ROC3;14;Temoin;E2;4;DUFI;2;9;
27/07/2018;ROC3;14;Temoin;E2;4;STLO;3;14;
27/07/2018;ROC3;14;Temoin;E2;4;CAPR;4;1;
27/07/2018;ROC3;14;Temoin;E2;4;PEAL;5;0;
27/07/2018;ROC3;14;Temoin;E2;4;LUCO;6;5;2
27/07/2018;ROC3;14;Temoin;E2;4;CAAQ;7;1;
27/07/2018;ROC3;14;Exclos;A2;1;HIPA;1;145;
27/07/2018;ROC3;14;Exclos;A2;1;DUFI;2;25;
27/07/2018;ROC3;14;Exclos;A2;1;CAAQ;3;4;
27/07/2018;ROC3;14;Exclos;A2;1;ARLA;4;0;
27/07/2018;ROC3;14;Exclos;C4;2;HIPA;1;203;
27/07/2018;ROC3;14;Exclos;C4;2;DUFI;2;27;
27/07/2018;ROC3;14;Exclos;C4;2;CAAQ;3;0;
27/07/2018;ROC3;14;Exclos;C4;2;ARLA;4;0;
27/07/2018;ROC3;14;Exclos;B4;3;HIPA;1;147;
27/07/2018;ROC3;14;Exclos;B4;3;DUFI;2;16;
27/07/2018;ROC3;14;Exclos;B4;3;CAAQ;3;0;
27/07/2018;ROC3;14;Exclos;B4;3;ARLA;4;0;
27/07/2018;ROC3;14;Exclos;H8;4;HIPA;1;120;
27/07/2018;ROC3;14;Exclos;H8;4;DUFI;2;7;
27/07/2018;ROC3;14;Exclos;H8;4;CAAQ;3;0;
27/07/2018;ROC3;14;Exclos;H8;4;ARLA;4;6;
28/07/2018;ROC3;10;Temoin;F3;1;HIPA;1;6;
28/07/2018;ROC3;10;Temoin;F3;1;DUFI;2;12;1
28/07/2018;ROC3;10;Temoin;F3;1;CAAQ;3;1;
28/07/2018;ROC3;10;Temoin;F3;1;ERAN;4;0;
28/07/2018;ROC3;10;Temoin;D8;2;HIPA;1;35;
28/07/2018;ROC3;10;Temoin;D8;2;DUFI;2;14;
28/07/2018;ROC3;10;Temoin;D8;2;CAAQ;3;0;
28/07/2018;ROC3;10;Temoin;D8;2;ERAN;4;0;
28/07/2018;ROC3;10;Temoin;B7;3;HIPA;1;16;
28/07/2018;ROC3;10;Temoin;B7;3;DUFI;2;11;1
28/07/2018;ROC3;10;Temoin;B7;3;CAAQ;3;5;
28/07/2018;ROC3;10;Temoin;B7;3;ERAN;4;1;
28/07/2018;ROC3;10;Temoin;A6;4;HIPA;1;25;
28/07/2018;ROC3;10;Temoin;A6;4;DUFI;2;9;
28/07/2018;ROC3;10;Temoin;A6;4;CAAQ;3;1;
28/07/2018;ROC3;10;Temoin;A6;4;ERAN;4;0;
28/07/2018;ROC3;10;Exclos;E5;1;HIPA;1;4;
28/07/2018;ROC3;10;Exclos;E5;1;DUFI;2;8;1
28/07/2018;ROC3;10;Exclos;E5;1;CAAQ;3;1;
28/07/2018;ROC3;10;Exclos;E5;1;ERAN;4;0;
28/07/2018;ROC3;10;Exclos;B1;2;HIPA;1;20;
28/07/2018;ROC3;10;Exclos;B1;2;DUFI;2;8;1
28/07/2018;ROC3;10;Exclos;B1;2;CAAQ;3;0;
28/07/2018;ROC3;10;Exclos;B1;2;ERAN;4;0;
28/07/2018;ROC3;10;Exclos;C8;3;HIPA;1;24;
28/07/2018;ROC3;10;Exclos;C8;3;DUFI;2;7;
28/07/2018;ROC3;10;Exclos;C8;3;CAAQ;3;3;
28/07/2018;ROC3;10;Exclos;C8;3;ERAN;4;1;
28/07/2018;ROC3;10;Exclos;G2;4;HIPA;1;30;1
28/07/2018;ROC3;10;Exclos;G2;4;DUFI;2;15;
28/07/2018;ROC3;10;Exclos;G2;4;CAAQ;3;2;
28/07/2018;ROC3;10;Exclos;G2;4;ERAN;4;0;
28/07/2018;ROC3;6;Temoin;H6;1;HIPA;1;3;
28/07/2018;ROC3;6;Temoin;H6;1;DUFI;2;27;
28/07/2018;ROC3;6;Temoin;H6;1;CAAQ;3;7;
28/07/2018;ROC3;6;Temoin;H6;1;ERAN;4;2;
28/07/2018;ROC3;6;Temoin;H6;1;ERSC;5;3;
28/07/2018;ROC3;6;Temoin;G8;2;HIPA;1;0;
28/07/2018;ROC3;6;Temoin;G8;2;DUFI;2;35;
28/07/2018;ROC3;6;Temoin;G8;2;CAAQ;3;0;
28/07/2018;ROC3;6;Temoin;G8;2;ERAN;4;0;
28/07/2018;ROC3;6;Temoin;G8;2;ERSC;5;19;
28/07/2018;ROC3;6;Temoin;C4;3;HIPA;1;0;
28/07/2018;ROC3;6;Temoin;C4;3;DUFI;2;24;
28/07/2018;ROC3;6;Temoin;C4;3;CAAQ;3;6;
28/07/2018;ROC3;6;Temoin;C4;3;ERAN;4;0;
28/07/2018;ROC3;6;Temoin;C4;3;ERSC;5;11;
28/07/2018;ROC3;6;Temoin;B8;4;HIPA;1;15;
28/07/2018;ROC3;6;Temoin;B8;4;DUFI;2;16;
28/07/2018;ROC3;6;Temoin;B8;4;CAAQ;3;0;
28/07/2018;ROC3;6;Temoin;B8;4;ERAN;4;1;
28/07/2018;ROC3;6;Temoin;B8;4;ERSC;5;2;
28/07/2018;ROC3;6;Exclos;H5;1;DUFI;1;10;
28/07/2018;ROC3;6;Exclos;H5;1;CAAQ;2;8;
28/07/2018;ROC3;6;Exclos;H5;1;ERSC;3;14;
28/07/2018;ROC3;6;Exclos;H5;1;ERAN;4;5;1
28/07/2018;ROC3;6;Exclos;H5;1;HIPA;5;3;
28/07/2018;ROC3;6;Exclos;D4;2;DUFI;1;13;
28/07/2018;ROC3;6;Exclos;D4;2;CAAQ;2;2;
28/07/2018;ROC3;6;Exclos;D4;2;ERSC;3;9;
28/07/2018;ROC3;6;Exclos;D4;2;ERAN;4;5;
28/07/2018;ROC3;6;Exclos;D4;2;HIPA;5;2;
28/07/2018;ROC3;6;Exclos;H2;3;DUFI;1;17;
28/07/2018;ROC3;6;Exclos;H2;3;CAAQ;2;1;
28/07/2018;ROC3;6;Exclos;H2;3;ERSC;3;12;
28/07/2018;ROC3;6;Exclos;H2;3;ERAN;4;1;
28/07/2018;ROC3;6;Exclos;H2;3;HIPA;5;25;
28/07/2018;ROC3;6;Exclos;H8;4;DUFI;1;18;
28/07/2018;ROC3;6;Exclos;H8;4;CAAQ;2;3;
28/07/2018;ROC3;6;Exclos;H8;4;ERSC;3;17;
28/07/2018;ROC3;6;Exclos;H8;4;ERAN;4;8;
28/07/2018;ROC3;6;Exclos;H8;4;HIPA;5;4;
28/07/2018;ROC3;1;Temoin;F8;1;DUFI;1;13;
28/07/2018;ROC3;1;Temoin;F8;1;HIPA;2;8;
28/07/2018;ROC3;1;Temoin;F8;1;CAAQ;3;2;
28/07/2018;ROC3;1;Temoin;F8;1;ERSC;4;0;
28/07/2018;ROC3;1;Temoin;F8;1;ERAN;5;0;
28/07/2018;ROC3;1;Temoin;F4;2;DUFI;1;13;
28/07/2018;ROC3;1;Temoin;F4;2;HIPA;2;6;
28/07/2018;ROC3;1;Temoin;F4;2;CAAQ;3;3;
28/07/2018;ROC3;1;Temoin;F4;2;ERSC;4;4;
28/07/2018;ROC3;1;Temoin;F4;2;ERAN;5;3;
28/07/2018;ROC3;1;Temoin;G7;3;DUFI;1;13;
28/07/2018;ROC3;1;Temoin;G7;3;HIPA;2;16;
28/07/2018;ROC3;1;Temoin;G7;3;CAAQ;3;8;
28/07/2018;ROC3;1;Temoin;G7;3;ERSC;4;0;
28/07/2018;ROC3;1;Temoin;G7;3;ERAN;5;2;
28/07/2018;ROC3;1;Temoin;F2;4;DUFI;1;17;2
28/07/2018;ROC3;1;Temoin;F2;4;HIPA;2;12;
28/07/2018;ROC3;1;Temoin;F2;4;CAAQ;3;1;
28/07/2018;ROC3;1;Temoin;F2;4;ERSC;4;5;
28/07/2018;ROC3;1;Temoin;F2;4;ERAN;5;4;
29/07/2018;ROC3;1;Exclos;D2;1;DUFI;1;5;
29/07/2018;ROC3;1;Exclos;D2;1;HIPA;2;8;
29/07/2018;ROC3;1;Exclos;D2;1;ERSC;3;5;
29/07/2018;ROC3;1;Exclos;D2;1;ERAN;4;4;
29/07/2018;ROC3;1;Exclos;D2;1;PEAL;5;0;
29/07/2018;ROC3;1;Exclos;A6;2;DUFI;1;6;
29/07/2018;ROC3;1;Exclos;A6;2;HIPA;2;5;
29/07/2018;ROC3;1;Exclos;A6;2;ERSC;3;2;
29/07/2018;ROC3;1;Exclos;A6;2;ERAN;4;1;
29/07/2018;ROC3;1;Exclos;A6;2;PEAL;5;2;
29/07/2018;ROC3;1;Exclos;F8;3;DUFI;1;9;
29/07/2018;ROC3;1;Exclos;F8;3;HIPA;2;16;
29/07/2018;ROC3;1;Exclos;F8;3;ERSC;3;4;
29/07/2018;ROC3;1;Exclos;F8;3;ERAN;4;5;
29/07/2018;ROC3;1;Exclos;F8;3;PEAL;5;0;
29/07/2018;ROC3;1;Exclos;E7;4;DUFI;1;15;2
29/07/2018;ROC3;1;Exclos;E7;4;HIPA;2;7;
29/07/2018;ROC3;1;Exclos;E7;4;ERSC;3;0;
29/07/2018;ROC3;1;Exclos;E7;4;ERAN;4;5;
29/07/2018;ROC3;1;Exclos;E7;4;PEAL;5;0;
29/07/2018;71;PA;Temoin;H5;1;DUFI;1;30;
29/07/2018;71;PA;Temoin;H5;1;ERSC;2;14;1
29/07/2018;71;PA;Temoin;H5;1;PEAL;3;3;
29/07/2018;71;PA;Temoin;H5;1;CAPR;4;1;
29/07/2018;71;PA;Temoin;H5;1;SAAR;5;0;
29/07/2018;71;PA;Temoin;H5;1;SAHI;6;0;
29/07/2018;71;PA;Temoin;C7;2;DUFI;1;35;
29/07/2018;71;PA;Temoin;C7;2;ERSC;2;1;
29/07/2018;71;PA;Temoin;C7;2;PEAL;3;5;
29/07/2018;71;PA;Temoin;C7;2;CAPR;4;0;
29/07/2018;71;PA;Temoin;C7;2;SAAR;5;0;
29/07/2018;71;PA;Temoin;C7;2;SAHI;6;3;
29/07/2018;71;PA;Temoin;F2;3;DUFI;1;20;1
29/07/2018;71;PA;Temoin;F2;3;ERSC;2;5;
29/07/2018;71;PA;Temoin;F2;3;PEAL;3;5;
29/07/2018;71;PA;Temoin;F2;3;CAPR;4;0;
29/07/2018;71;PA;Temoin;F2;3;SAAR;5;2;
29/07/2018;71;PA;Temoin;F2;3;SAHI;6;0;
29/07/2018;71;PA;Temoin;G5;4;DUFI;1;36;
29/07/2018;71;PA;Temoin;G5;4;ERSC;2;3;
29/07/2018;71;PA;Temoin;G5;4;PEAL;3;2;
29/07/2018;71;PA;Temoin;G5;4;CAPR;4;0;
29/07/2018;71;PA;Temoin;G5;4;SAAR;5;1;
29/07/2018;71;PA;Temoin;G5;4;SAHI;6;0;
30/07/2018;72;PA;Temoin;E5;1;DUFI;1;32;1
30/07/2018;72;PA;Temoin;E5;1;HIPA;2;4;
30/07/2018;72;PA;Temoin;E5;1;ERSC;3;0;
30/07/2018;72;PA;Temoin;E5;1;CAAQ;4;0;
30/07/2018;72;PA;Temoin;E5;1;CAPR;5;0;
30/07/2018;72;PA;Temoin;C6;2;DUFI;1;19;
30/07/2018;72;PA;Temoin;C6;2;HIPA;2;0;
30/07/2018;72;PA;Temoin;C6;2;ERSC;3;1;
30/07/2018;72;PA;Temoin;C6;2;CAAQ;4;3;
30/07/2018;72;PA;Temoin;C6;2;CAPR;5;0;
30/07/2018;72;PA;Temoin;E4;3;DUFI;1;46;1
30/07/2018;72;PA;Temoin;E4;3;HIPA;2;4;
30/07/2018;72;PA;Temoin;E4;3;ERSC;3;2;
30/07/2018;72;PA;Temoin;E4;3;CAAQ;4;0;
30/07/2018;72;PA;Temoin;E4;3;CAPR;5;0;
30/07/2018;72;PA;Temoin;F2;4;DUFI;1;39;
30/07/2018;72;PA;Temoin;F2;4;HIPA;2;9;
30/07/2018;72;PA;Temoin;F2;4;ERSC;3;1;
30/07/2018;72;PA;Temoin;F2;4;CAAQ;4;1;
30/07/2018;72;PA;Temoin;F2;4;CAPR;5;2;
30/07/2018;71;PA;Exclos;H2;1;ERSC;1;12;
30/07/2018;71;PA;Exclos;H2;1;DUFI;2;8;
30/07/2018;71;PA;Exclos;H2;1;CAPR;3;1;
30/07/2018;71;PA;Exclos;H2;1;PEAL;4;5;
30/07/2018;71;PA;Exclos;H2;1;HIPA;5;0;
30/07/2018;71;PA;Exclos;H2;1;SAAR;6;0;
30/07/2018;71;PA;Exclos;C1;2;ERSC;1;22;
30/07/2018;71;PA;Exclos;C1;2;DUFI;2;10;
30/07/2018;71;PA;Exclos;C1;2;CAPR;3;0;
30/07/2018;71;PA;Exclos;C1;2;PEAL;4;0;
30/07/2018;71;PA;Exclos;C1;2;HIPA;5;3;
30/07/2018;71;PA;Exclos;C1;2;SAAR;6;0;
30/07/2018;71;PA;Exclos;A5;3;ERSC;1;33;
30/07/2018;71;PA;Exclos;A5;3;DUFI;2;6;
30/07/2018;71;PA;Exclos;A5;3;CAPR;3;1;
30/07/2018;71;PA;Exclos;A5;3;PEAL;4;2;
30/07/2018;71;PA;Exclos;A5;3;HIPA;5;0;
30/07/2018;71;PA;Exclos;A5;3;SAAR;6;0;
30/07/2018;71;PA;Exclos;H5;4;ERSC;1;7;
30/07/2018;71;PA;Exclos;H5;4;DUFI;2;9;
30/07/2018;71;PA;Exclos;H5;4;CAPR;3;0;
30/07/2018;71;PA;Exclos;H5;4;PEAL;4;1;
30/07/2018;71;PA;Exclos;H5;4;HIPA;5;0;
30/07/2018;71;PA;Exclos;H5;4;SAAR;6;4;
30/07/2018;H1;PO;Exclos;F5;1;ARLA;1;6;
30/07/2018;H1;PO;Exclos;F5;1;SARE;2;1;
30/07/2018;H1;PO;Exclos;F5;1;LUCO;3;0;
30/07/2018;H1;PO;Exclos;F5;1;SAAR;4;0;
30/07/2018;H1;PO;Exclos;F5;1;CEAL;5;0;
30/07/2018;H1;PO;Exclos;F5;1;Inc_feuilles_fines;6;0;
30/07/2018;H1;PO;Exclos;C7;2;ARLA;1;0;
30/07/2018;H1;PO;Exclos;C7;2;SARE;2;2;2
30/07/2018;H1;PO;Exclos;C7;2;LUCO;3;0;
30/07/2018;H1;PO;Exclos;C7;2;SAAR;4;0;
30/07/2018;H1;PO;Exclos;C7;2;CEAL;5;0;
30/07/2018;H1;PO;Exclos;C7;2;Inc_feuilles_fines;6;0;
30/07/2018;H1;PO;Exclos;B4;3;ARLA;1;0;
30/07/2018;H1;PO;Exclos;B4;3;SARE;2;0;
30/07/2018;H1;PO;Exclos;B4;3;LUCO;3;2;
30/07/2018;H1;PO;Exclos;B4;3;SAAR;4;3;
30/07/2018;H1;PO;Exclos;B4;3;CEAL;5;0;
30/07/2018;H1;PO;Exclos;B4;3;Inc_feuilles_fines;6;0;
30/07/2018;H1;PO;Exclos;B4;3;Poa_sp;7;2;
30/07/2018;H1;PO;Exclos;A1;4;ARLA;1;4;
30/07/2018;H1;PO;Exclos;A1;4;SARE;2;1;
30/07/2018;H1;PO;Exclos;A1;4;LUCO;3;0;
30/07/2018;H1;PO;Exclos;A1;4;SAAR;4;0;
30/07/2018;H1;PO;Exclos;A1;4;CEAL;5;1;
30/07/2018;H1;PO;Exclos;A1;4;Inc_feuilles_fines;6;3;
31/07/2018;H1;PO;Temoin;F5;1;SAAR;1;0;
31/07/2018;H1;PO;Temoin;F5;1;STLO;2;0;
31/07/2018;H1;PO;Temoin;F5;1;Poa_sp (artica);3;1;
31/07/2018;H1;PO;Temoin;H1;2;SAAR;1;0;
31/07/2018;H1;PO;Temoin;H1;2;STLO;2;0;
31/07/2018;H1;PO;Temoin;H1;2;Poa_sp (artica);3;5;
31/07/2018;H1;PO;Temoin;F7;3;SAAR;1;1;1
31/07/2018;H1;PO;Temoin;F7;3;STLO;2;0;
31/07/2018;H1;PO;Temoin;F7;3;Poa_sp (artica);3;0;
31/07/2018;H1;PO;Temoin;D5;4;SAAR;1;1;
31/07/2018;H1;PO;Temoin;D5;4;STLO;2;0;
31/07/2018;H1;PO;Temoin;D5;4;Poa_sp (artica);3;0;
31/07/2018;G1;PO;Exclos;E3;1;LUNI;1;3;
31/07/2018;G1;PO;Exclos;E3;1;SAAR;2;4;
31/07/2018;G1;PO;Exclos;E3;1;SARE;3;2;
31/07/2018;G1;PO;Exclos;E3;1;ASAL;4;0;
31/07/2018;G1;PO;Exclos;E3;1;inc_Feuilles_mauves;5;0;
31/07/2018;G1;PO;Exclos;E3;1;ARLA;6;0;
31/07/2018;G1;PO;Exclos;E3;1;POA_sp;7;0;
31/07/2018;G1;PO;Exclos;H3;2;LUNI;1;0;
31/07/2018;G1;PO;Exclos;H3;2;SAAR;2;1;
31/07/2018;G1;PO;Exclos;H3;2;SARE;3;2;2
31/07/2018;G1;PO;Exclos;H3;2;ASAL;4;2;2
31/07/2018;G1;PO;Exclos;H3;2;inc_Feuilles_mauves;5;2;
31/07/2018;G1;PO;Exclos;H3;2;ARLA;6;3;
31/07/2018;G1;PO;Exclos;H3;2;POA_sp;7;0;
31/07/2018;G1;PO;Exclos;G5;3;LUNI;1;0;
31/07/2018;G1;PO;Exclos;G5;3;SAAR;2;7;
31/07/2018;G1;PO;Exclos;G5;3;SARE;3;0;
31/07/2018;G1;PO;Exclos;G5;3;ASAL;4;0;
31/07/2018;G1;PO;Exclos;G5;3;inc_Feuilles_mauves;5;0;
31/07/2018;G1;PO;Exclos;G5;3;ARLA;6;0;
31/07/2018;G1;PO;Exclos;G5;3;POA_sp;7;4;
31/07/2018;G1;PO;Exclos;A7;4;LUNI;1;0;
31/07/2018;G1;PO;Exclos;A7;4;SAAR;2;2;
31/07/2018;G1;PO;Exclos;A7;4;SARE;3;17;
31/07/2018;G1;PO;Exclos;A7;4;ASAL;4;0;
31/07/2018;G1;PO;Exclos;A7;4;inc_Feuilles_mauves;5;3;
31/07/2018;G1;PO;Exclos;A7;4;ARLA;6;3;
31/07/2018;G1;PO;Exclos;A7;4;POA_sp;7;0;
31/07/2018;G1;PO;Temoin;G8;1;SAAR;1;2;
31/07/2018;G1;PO;Temoin;G8;1;ARLA;2;4;
31/07/2018;G1;PO;Temoin;G8;1;LUNI;3;13;
31/07/2018;G1;PO;Temoin;G8;1;SAHI;4;0;
31/07/2018;G1;PO;Temoin;G8;1;DRIN;5;0;
31/07/2018;G1;PO;Temoin;G8;1;SARE;6;7;1
31/07/2018;G1;PO;Temoin;G8;1;Inc_feuille obovale;7;1;
31/07/2018;G1;PO;Temoin;G8;1;POA_sp;8;1;
31/07/2018;G1;PO;Temoin;F6;2;SAAR;1;9;
31/07/2018;G1;PO;Temoin;F6;2;ARLA;2;6;
31/07/2018;G1;PO;Temoin;F6;2;LUNI;3;3;
31/07/2018;G1;PO;Temoin;F6;2;SAHI;4;1;
31/07/2018;G1;PO;Temoin;F6;2;DRIN;5;4;
31/07/2018;G1;PO;Temoin;F6;2;SARE;6;1;
31/07/2018;G1;PO;Temoin;F6;2;Inc_feuille obovale;7;0;
31/07/2018;G1;PO;Temoin;F6;2;POA_sp;8;0;
31/07/2018;G1;PO;Temoin;E6;3;SAAR;1;6;
31/07/2018;G1;PO;Temoin;E6;3;ARLA;2;6;
31/07/2018;G1;PO;Temoin;E6;3;LUNI;3;0;
31/07/2018;G1;PO;Temoin;E6;3;SAHI;4;0;
31/07/2018;G1;PO;Temoin;E6;3;DRIN;5;0;
31/07/2018;G1;PO;Temoin;E6;3;SARE;6;4;
31/07/2018;G1;PO;Temoin;E6;3;Inc_feuille obovale;7;0;
31/07/2018;G1;PO;Temoin;E6;3;POA_sp;8;0;
31/07/2018;G1;PO;Temoin;;4;SAAR;1;1;
31/07/2018;G1;PO;Temoin;;4;ARLA;2;11;
31/07/2018;G1;PO;Temoin;;4;LUNI;3;3;
31/07/2018;G1;PO;Temoin;;4;SAHI;4;0;
31/07/2018;G1;PO;Temoin;;4;DRIN;5;0;
31/07/2018;G1;PO;Temoin;;4;SARE;6;1;
31/07/2018;G1;PO;Temoin;;4;Inc_feuille obovale;7;0;
31/07/2018;G1;PO;Temoin;;4;POA_sp;8;0;
31/07/2018;E1;PO;Exclos;D6;1;SAAR;1;1;
31/07/2018;E1;PO;Exclos;D6;1;SARE;2;2;
31/07/2018;E1;PO;Exclos;D6;1;ARLA;3;8;
31/07/2018;E1;PO;Exclos;D6;1;LUCO;4;0;
31/07/2018;E1;PO;Exclos;C2;2;SAAR;1;2;
31/07/2018;E1;PO;Exclos;C2;2;SARE;2;4;4
31/07/2018;E1;PO;Exclos;C2;2;ARLA;3;14;1
31/07/2018;E1;PO;Exclos;C2;2;LUCO;4;1;
31/07/2018;E1;PO;Exclos;E1;3;SAAR;1;3;
31/07/2018;E1;PO;Exclos;E1;3;SARE;2;0;
31/07/2018;E1;PO;Exclos;E1;3;ARLA;3;8;1
31/07/2018;E1;PO;Exclos;E1;3;LUCO;4;0;
31/07/2018;E1;PO;Exclos;F4;4;SAAR;1;2;
31/07/2018;E1;PO;Exclos;F4;4;SARE;2;0;
31/07/2018;E1;PO;Exclos;F4;4;ARLA;3;2;
31/07/2018;E1;PO;Exclos;F4;4;luco;4;0;
31/07/2018;E1;PO;Temoin;G4;1;ARLA;1;3;
31/07/2018;E1;PO;Temoin;G4;1;STLO;2;2;
31/07/2018;E1;PO;Temoin;G4;1;LUCO;3;1;
31/07/2018;E1;PO;Temoin;G4;1;SAAR;4;0;
31/07/2018;E1;PO;Temoin;F6;2;ARLA;1;2;
31/07/2018;E1;PO;Temoin;F6;2;STLO;2;1;
31/07/2018;E1;PO;Temoin;F6;2;LUCO;3;0;
31/07/2018;E1;PO;Temoin;F6;2;SAAR;4;7;
31/07/2018;E1;PO;Temoin;D1;3;ARLA;1;0;
31/07/2018;E1;PO;Temoin;D1;3;STLO;2;1;
31/07/2018;E1;PO;Temoin;D1;3;LUCO;3;1;
31/07/2018;E1;PO;Temoin;D1;3;SAAR;4;8;
31/07/2018;E1;PO;Temoin;D2;4;ARLA;1;5;
31/07/2018;E1;PO;Temoin;D2;4;STLO;2;2;
31/07/2018;E1;PO;Temoin;D2;4;LUCO;3;3;
31/07/2018;E1;PO;Temoin;D2;4;SAAR;4;4;
31/07/2018;F1;PO;Exclos;H6;1;SAAR;1;5;
31/07/2018;F1;PO;Exclos;H6;1;ARLA;2;3;
31/07/2018;F1;PO;Exclos;H6;1;SARE;3;0;
31/07/2018;F1;PO;Exclos;H6;1;LUCO;4;0;
31/07/2018;F1;PO;Exclos;H4;2;SAAR;1;4;
31/07/2018;F1;PO;Exclos;H4;2;ARLA;2;0;
31/07/2018;F1;PO;Exclos;H4;2;SARE;3;0;
31/07/2018;F1;PO;Exclos;H4;2;LUCO;4;0;
31/07/2018;F1;PO;Exclos;D4;3;SAAR;1;0;
31/07/2018;F1;PO;Exclos;D4;3;ARLA;2;0;
31/07/2018;F1;PO;Exclos;D4;3;SARE;3;2;
31/07/2018;F1;PO;Exclos;D4;3;LUCO;4;1;
31/07/2018;F1;PO;Exclos;D2;4;SAAR;1;6;
31/07/2018;F1;PO;Exclos;D2;4;ARLA;2;4;1
31/07/2018;F1;PO;Exclos;D2;4;SARE;3;3;
31/07/2018;F1;PO;Exclos;D2;4;LUCO;4;0;
31/07/2018;F1;PO;Temoin;E6;1;SAAR;1;1;
31/07/2018;F1;PO;Temoin;E6;1;LUNI;2;0;
31/07/2018;F1;PO;Temoin;E6;1;DUFI;3;1;
31/07/2018;F1;PO;Temoin;E6;1;SARE;4;0;
31/07/2018;F1;PO;Temoin;E6;1;STLO;5;0;
31/07/2018;F1;PO;Temoin;C5;2;SAAR;1;4;
31/07/2018;F1;PO;Temoin;C5;2;LUNI;2;1;
31/07/2018;F1;PO;Temoin;C5;2;DUFI;3;1;
31/07/2018;F1;PO;Temoin;C5;2;SARE;4;0;
31/07/2018;F1;PO;Temoin;C5;2;STLO;5;0;
31/07/2018;F1;PO;Temoin;G4;3;SAAR;1;1;
31/07/2018;F1;PO;Temoin;G4;3;LUNI;2;0;
31/07/2018;F1;PO;Temoin;G4;3;DUFI;3;0;
31/07/2018;F1;PO;Temoin;G4;3;SARE;4;12;3
31/07/2018;F1;PO;Temoin;G4;3;STLO;5;2;
31/07/2018;F1;PO;Temoin;F5;4;SAAR;1;3;
31/07/2018;F1;PO;Temoin;F5;4;LUNI;2;0;
31/07/2018;F1;PO;Temoin;F5;4;DUFI;3;2;
31/07/2018;F1;PO;Temoin;F5;4;SARE;4;0;
31/07/2018;F1;PO;Temoin;F5;4;STLO;5;0;
02/08/2018;26;PA;Exclos;E6;1;ERSC;1;12;
02/08/2018;26;PA;Exclos;E6;1;SAAR;2;1;
02/08/2018;26;PA;Exclos;E6;1;LUCO;3;15;
02/08/2018;26;PA;Exclos;E6;1;CAAQ;4;4;
02/08/2018;26;PA;Exclos;E6;1;HIPA;5;0;
02/08/2018;26;PA;Exclos;E6;1;ARLA;6;0;
02/08/2018;26;PA;Exclos;E6;1;STLO;7;0;
02/08/2018;26;PA;Exclos;C5;2;ERSC;1;10;
02/08/2018;26;PA;Exclos;C5;2;SAAR;2;2;1
02/08/2018;26;PA;Exclos;C5;2;LUCO;3;6;
02/08/2018;26;PA;Exclos;C5;2;CAAQ;4;2;
02/08/2018;26;PA;Exclos;C5;2;HIPA;5;3;
02/08/2018;26;PA;Exclos;C5;2;ARLA;6;1;
02/08/2018;26;PA;Exclos;C5;2;STLO;7;0;
02/08/2018;26;PA;Exclos;F5;3;ERSC;1;3;
02/08/2018;26;PA;Exclos;F5;3;SAAR;2;0;
02/08/2018;26;PA;Exclos;F5;3;LUCO;3;6;
02/08/2018;26;PA;Exclos;F5;3;CAAQ;4;3;
02/08/2018;26;PA;Exclos;F5;3;HIPA;5;0;
02/08/2018;26;PA;Exclos;F5;3;ARLA;6;0;
02/08/2018;26;PA;Exclos;F5;3;STLO;7;2;
02/08/2018;26;PA;Exclos;G4;4;ERSC;1;16;
02/08/2018;26;PA;Exclos;G4;4;SAAR;2;2;
02/08/2018;26;PA;Exclos;G4;4;LUCO;3;4;
02/08/2018;26;PA;Exclos;G4;4;CAAQ;4;1;
02/08/2018;26;PA;Exclos;G4;4;HIPA;5;0;
02/08/2018;26;PA;Exclos;G4;4;ARLA;6;1;
02/08/2018;26;PA;Exclos;G4;4;STLO;7;2;
02/08/2018;26;PA;Temoin;D4;1;SAAR;1;5;
02/08/2018;26;PA;Temoin;D4;1;DUFI;2;0;
02/08/2018;26;PA;Temoin;D4;1;CAAQ;3;2;
02/08/2018;26;PA;Temoin;D4;1;ERSC;4;2;
02/08/2018;26;PA;Temoin;D4;1;LUCO;5;0;
02/08/2018;26;PA;Temoin;D4;1;ARLA;6;0;
02/08/2018;26;PA;Temoin;F6;2;SAAR;1;6;
02/08/2018;26;PA;Temoin;F6;2;DUFI;2;10;
02/08/2018;26;PA;Temoin;F6;2;CAAQ;3;4;
02/08/2018;26;PA;Temoin;F6;2;ERSC;4;2;
02/08/2018;26;PA;Temoin;F6;2;LUCO;5;3;
02/08/2018;26;PA;Temoin;F6;2;ARLA;6;2;
02/08/2018;26;PA;Temoin;F7;3;SAAR;1;4;
02/08/2018;26;PA;Temoin;F7;3;DUFI;2;4;
02/08/2018;26;PA;Temoin;F7;3;CAAQ;3;0;
02/08/2018;26;PA;Temoin;F7;3;ERSC;4;0;
02/08/2018;26;PA;Temoin;F7;3;LUCO;5;0;
02/08/2018;26;PA;Temoin;F7;3;ARLA;6;2;
02/08/2018;26;PA;Temoin;F8;4;SAAR;1;2;
02/08/2018;26;PA;Temoin;F8;4;DUFI;2;0;
02/08/2018;26;PA;Temoin;F8;4;CAAQ;3;0;
02/08/2018;26;PA;Temoin;F8;4;ERSC;4;0;
02/08/2018;26;PA;Temoin;F8;4;LUCO;5;0;
02/08/2018;26;PA;Temoin;F8;4;ARLA;6;0;
02/08/2018;43;PA;Exclos;H7;1;SAAR;1;6;
02/08/2018;43;PA;Exclos;H7;1;ERSC;2;1;
02/08/2018;43;PA;Exclos;H7;1;LUCO;3;0;
02/08/2018;43;PA;Exclos;H7;1;STLO;4;0;
02/08/2018;43;PA;Exclos;H7;1;CAAQ;5;0;
02/08/2018;43;PA;Exclos;H7;1;DUFI;6;0;
02/08/2018;43;PA;Exclos;H7;1;HIPA;7;0;
02/08/2018;43;PA;Exclos;C1;2;SAAR;1;0;
02/08/2018;43;PA;Exclos;C1;2;ERSC;2;0;
02/08/2018;43;PA;Exclos;C1;2;LUCO;3;11;
02/08/2018;43;PA;Exclos;C1;2;STLO;4;2;1
02/08/2018;43;PA;Exclos;C1;2;CAAQ;5;0;
02/08/2018;43;PA;Exclos;C1;2;DUFI;6;0;
02/08/2018;43;PA;Exclos;C1;2;HIPA;7;0;
02/08/2018;43;PA;Exclos;A7;3;SAAR;1;0;
02/08/2018;43;PA;Exclos;A7;3;ERSC;2;1;
02/08/2018;43;PA;Exclos;A7;3;LUCO;3;0;
02/08/2018;43;PA;Exclos;A7;3;STLO;4;0;
02/08/2018;43;PA;Exclos;A7;3;CAAQ;5;3;
02/08/2018;43;PA;Exclos;A7;3;DUFI;6;0;
02/08/2018;43;PA;Exclos;A7;3;HIPA;7;0;
02/08/2018;43;PA;Exclos;G7;4;SAAR;1;4;
02/08/2018;43;PA;Exclos;G7;4;ERSC;2;0;
02/08/2018;43;PA;Exclos;G7;4;LUCO;3;0;
02/08/2018;43;PA;Exclos;G7;4;STLO;4;0;
02/08/2018;43;PA;Exclos;G7;4;CAAQ;5;0;
02/08/2018;43;PA;Exclos;G7;4;DUFI;6;4;
02/08/2018;43;PA;Exclos;G7;4;HIPA;7;2;
02/08/2018;43;PA;Temoin;D3;1;SAAR;1;0;
02/08/2018;43;PA;Temoin;D3;1;CAAQ;2;5;
02/08/2018;43;PA;Temoin;D3;1;ARLA;3;3;
02/08/2018;43;PA;Temoin;D3;1;ERSC;4;3;
02/08/2018;43;PA;Temoin;D3;1;DUFI;5;0;
02/08/2018;43;PA;Temoin;D4;2;SAAR;1;0;
02/08/2018;43;PA;Temoin;D4;2;CAAQ;2;5;
02/08/2018;43;PA;Temoin;D4;2;ARLA;3;4;
02/08/2018;43;PA;Temoin;D4;2;ERSC;4;0;
02/08/2018;43;PA;Temoin;D4;2;DUFI;5;0;
02/08/2018;43;PA;Temoin;D5;3;SAAR;1;1;
02/08/2018;43;PA;Temoin;D5;3;CAAQ;2;0;
02/08/2018;43;PA;Temoin;D5;3;ARLA;3;0;
02/08/2018;43;PA;Temoin;D5;3;ERSC;4;0;
02/08/2018;43;PA;Temoin;D5;3;DUFI;5;1;
02/08/2018;43;PA;Temoin;F5;4;SAAR;1;0;
02/08/2018;43;PA;Temoin;F5;4;CAAQ;2;4;
02/08/2018;43;PA;Temoin;F5;4;ARLA;3;0;
02/08/2018;43;PA;Temoin;F5;4;ERSC;4;5;
02/08/2018;43;PA;Temoin;F5;4;DUFI;5;2;
02/08/2018;ROC6;14;Exclos;G4;1;STLO;1;37;
02/08/2018;ROC6;14;Exclos;G4;1;POAR;2;126;
02/08/2018;ROC6;14;Exclos;G4;1;HIPA;3;6;
02/08/2018;ROC6;14;Exclos;G4;1;Gram_feuilles_courte;4;1;
02/08/2018;ROC6;14;Exclos;G4;1;Gram_inconnue;5;0;
02/08/2018;ROC6;14;Exclos;G3;2;STLO;1;17;
02/08/2018;ROC6;14;Exclos;G3;2;POAR;2;138;4
02/08/2018;ROC6;14;Exclos;G3;2;HIPA;3;0;
02/08/2018;ROC6;14;Exclos;G3;2;Gram_feuilles_courte;4;5;
02/08/2018;ROC6;14;Exclos;G3;2;Gram_inconnue;5;3;
02/08/2018;ROC6;14;Exclos;F6;3;STLO;1;83;
02/08/2018;ROC6;14;Exclos;F6;3;POAR;2;29;
02/08/2018;ROC6;14;Exclos;F6;3;HIPA;3;0;
02/08/2018;ROC6;14;Exclos;F6;3;Gram_feuilles_courte;4;9;
02/08/2018;ROC6;14;Exclos;F6;3;Gram_inconnue;5;0;
02/08/2018;ROC6;14;Exclos;D1;4;STLO;1;14;
02/08/2018;ROC6;14;Exclos;D1;4;POAR;2;126;6
02/08/2018;ROC6;14;Exclos;D1;4;HIPA;3;;
02/08/2018;ROC6;14;Exclos;D1;4;Gram_feuilles_courte;4;;
02/08/2018;ROC6;14;Exclos;D1;4;Gram_inconnue;5;;
02/08/2018;ROC7;10;Temoin;B2;1;HIPA;1;24;1
02/08/2018;ROC7;10;Temoin;B2;1;SAFO;2;0;
02/08/2018;ROC7;10;Temoin;B2;1;STLO;3;0;
02/08/2018;ROC7;10;Temoin;B2;1;DUFI;4;20;
02/08/2018;ROC7;10;Temoin;B2;1;POAR;5;0;
02/08/2018;ROC7;10;Temoin;B2;1;CAAQ;6;0;
02/08/2018;ROC7;10;Temoin;B2;1;ERSC;7;3;
02/08/2018;ROC7;10;Temoin;G5;2;HIPA;1;22;
02/08/2018;ROC7;10;Temoin;G5;2;SAFO;2;6;5
02/08/2018;ROC7;10;Temoin;G5;2;STLO;3;5;
02/08/2018;ROC7;10;Temoin;G5;2;DUFI;4;8;
02/08/2018;ROC7;10;Temoin;G5;2;POAR;5;9;
02/08/2018;ROC7;10;Temoin;G5;2;CAAQ;6;1;
02/08/2018;ROC7;10;Temoin;G5;2;ERSC;7;2;
02/08/2018;ROC7;10;Temoin;D6;3;HIPA;1;8;
02/08/2018;ROC7;10;Temoin;D6;3;SAFO;2;1;1
02/08/2018;ROC7;10;Temoin;D6;3;STLO;3;0;
02/08/2018;ROC7;10;Temoin;D6;3;DUFI;4;18;
02/08/2018;ROC7;10;Temoin;D6;3;POAR;5;34;2
02/08/2018;ROC7;10;Temoin;D6;3;CAAQ;6;2;
02/08/2018;ROC7;10;Temoin;D6;3;ERSC;7;16;
02/08/2018;ROC7;10;Temoin;E3;4;HIPA;1;22;
02/08/2018;ROC7;10;Temoin;E3;4;SAFO;2;0;
02/08/2018;ROC7;10;Temoin;E3;4;STLO;3;0;
02/08/2018;ROC7;10;Temoin;E3;4;DUFI;4;18;
02/08/2018;ROC7;10;Temoin;E3;4;POAR;5;10;
02/08/2018;ROC7;10;Temoin;E3;4;CAAQ;6;0;
02/08/2018;ROC7;10;Temoin;E3;4;ERSC;7;1;
03/08/2018;ROC6;14;Temoin;H3;1;DUFI;1;65;
03/08/2018;ROC6;14;Temoin;H3;1;Poa_sp;2;6;
03/08/2018;ROC6;14;Temoin;H3;1;CAPR;3;5;
03/08/2018;ROC6;14;Temoin;H3;1;HIPA;4;4;
03/08/2018;ROC6;14;Temoin;H3;1;STLO;5;4;
03/08/2018;ROC6;14;Temoin;H3;1;ERAN;6;2;
03/08/2018;ROC6;14;Temoin;H3;1;REHY;7;0;
03/08/2018;ROC6;14;Temoin;H3;1;ERSC;8;0;
03/08/2018;ROC6;14;Temoin;E3;2;DUFI;1;32;
03/08/2018;ROC6;14;Temoin;E3;2;Poa_sp;2;0;
03/08/2018;ROC6;14;Temoin;E3;2;CAPR;3;6;
03/08/2018;ROC6;14;Temoin;E3;2;HIPA;4;0;
03/08/2018;ROC6;14;Temoin;E3;2;STLO;5;33;
03/08/2018;ROC6;14;Temoin;E3;2;ERAN;6;1;
03/08/2018;ROC6;14;Temoin;E3;2;REHY;7;2;
03/08/2018;ROC6;14;Temoin;E3;2;ERSC;8;0;
03/08/2018;ROC6;14;Temoin;A7;3;DUFI;1;61;
03/08/2018;ROC6;14;Temoin;A7;3;Poa_sp;2;0;
03/08/2018;ROC6;14;Temoin;A7;3;CAPR;3;11;
03/08/2018;ROC6;14;Temoin;A7;3;HIPA;4;3;
03/08/2018;ROC6;14;Temoin;A7;3;STLO;5;0;
03/08/2018;ROC6;14;Temoin;A7;3;ERAN;6;0;
03/08/2018;ROC6;14;Temoin;A7;3;REHY;7;0;
03/08/2018;ROC6;14;Temoin;A7;3;ERSC;8;6;
03/08/2018;ROC6;14;Temoin;G5;4;DUFI;1;46;
03/08/2018;ROC6;14;Temoin;G5;4;Poa_sp;2;17;
03/08/2018;ROC6;14;Temoin;G5;4;CAPR;3;18;
03/08/2018;ROC6;14;Temoin;G5;4;HIPA;4;2;
03/08/2018;ROC6;14;Temoin;G5;4;STLO;5;0;
03/08/2018;ROC6;14;Temoin;G5;4;ERAN;6;0;
03/08/2018;ROC6;14;Temoin;G5;4;REHY;7;1;
03/08/2018;ROC6;14;Temoin;G5;4;ERSC;8;0;
03/08/2018;ROC6;10;Exclos;G2;1;HIPA;1;35;
03/08/2018;ROC6;10;Exclos;G2;1;DUFI;2;10;
03/08/2018;ROC6;10;Exclos;G2;1;ERAN;3;1;
03/08/2018;ROC6;10;Exclos;G2;1;ERSC;4;1;
03/08/2018;ROC6;10;Exclos;G2;1;CAPR;5;0;
03/08/2018;ROC6;10;Exclos;G2;1;FEBR;6;0;
03/08/2018;ROC6;10;Exclos;F3;2;HIPA;1;24;
03/08/2018;ROC6;10;Exclos;F3;2;DUFI;2;14;
03/08/2018;ROC6;10;Exclos;F3;2;ERAN;3;1;
03/08/2018;ROC6;10;Exclos;F3;2;ERSC;4;0;
03/08/2018;ROC6;10;Exclos;F3;2;CAPR;5;0;
03/08/2018;ROC6;10;Exclos;F3;2;FEBR;6;0;
03/08/2018;ROC6;10;Exclos;A6;3;HIPA;1;0;
03/08/2018;ROC6;10;Exclos;A6;3;DUFI;2;12;
03/08/2018;ROC6;10;Exclos;A6;3;ERAN;3;2;
03/08/2018;ROC6;10;Exclos;A6;3;ERSC;4;4;
03/08/2018;ROC6;10;Exclos;A6;3;CAPR;5;1;
03/08/2018;ROC6;10;Exclos;A6;3;FEBR;6;0;
03/08/2018;ROC6;10;Exclos;C4;4;HIPA;1;13;
03/08/2018;ROC6;10;Exclos;C4;4;DUFI;2;3;
03/08/2018;ROC6;10;Exclos;C4;4;ERAN;3;1;
03/08/2018;ROC6;10;Exclos;C4;4;ERSC;4;0;
03/08/2018;ROC6;10;Exclos;C4;4;CAPR;5;0;
03/08/2018;ROC6;10;Exclos;C4;4;FEBR;6;238;63
04/08/2018;ROC6;10;Temoin;D6;1;DUFI;1;7;
04/08/2018;ROC6;10;Temoin;D6;1;POAR;2;9;
04/08/2018;ROC6;10;Temoin;D6;1;HIPA;3;2;
04/08/2018;ROC6;10;Temoin;D6;1;ERAN;4;0;
04/08/2018;ROC6;10;Temoin;D6;1;ERSC;5;1;
04/08/2018;ROC6;10;Temoin;D6;1;CAPR;6;0;
04/08/2018;ROC6;10;Temoin;E1;2;DUFI;1;11;
04/08/2018;ROC6;10;Temoin;E1;2;POAR;2;0;
04/08/2018;ROC6;10;Temoin;E1;2;HIPA;3;0;
04/08/2018;ROC6;10;Temoin;E1;2;ERAN;4;1;
04/08/2018;ROC6;10;Temoin;E1;2;ERSC;5;0;
04/08/2018;ROC6;10;Temoin;E1;2;CAPR;6;0;
04/08/2018;ROC6;10;Temoin;F4;3;DUFI;1;32;1
04/08/2018;ROC6;10;Temoin;F4;3;POAR;2;0;
04/08/2018;ROC6;10;Temoin;F4;3;HIPA;3;0;
04/08/2018;ROC6;10;Temoin;F4;3;ERAN;4;1;
04/08/2018;ROC6;10;Temoin;F4;3;ERSC;5;3;
04/08/2018;ROC6;10;Temoin;F4;3;CAPR;6;1;
04/08/2018;ROC6;10;Temoin;C2;4;DUFI;1;39;
04/08/2018;ROC6;10;Temoin;C2;4;POAR;2;0;
04/08/2018;ROC6;10;Temoin;C2;4;HIPA;3;7;
04/08/2018;ROC6;10;Temoin;C2;4;ERAN;4;6;
04/08/2018;ROC6;10;Temoin;C2;4;ERSC;5;0;
04/08/2018;ROC6;10;Temoin;C2;4;CAPR;6;0;
04/08/2018;ROC6;6;Exclos;D4;1;DUFI;1;26;
04/08/2018;ROC6;6;Exclos;D4;1;SAHI;2;20;
04/08/2018;ROC6;6;Exclos;D4;1;STLO;3;15;
04/08/2018;ROC6;6;Exclos;D4;1;ERAN;4;4;
04/08/2018;ROC6;6;Exclos;D4;1;ERSC;5;1;
04/08/2018;ROC6;6;Exclos;D4;1;SAFO;6;0;
04/08/2018;ROC6;6;Exclos;D4;1;CAAQ;7;0;
04/08/2018;ROC6;6;Exclos;D8;2;DUFI;1;34;
04/08/2018;ROC6;6;Exclos;D8;2;SAHI;2;0;
04/08/2018;ROC6;6;Exclos;D8;2;STLO;3;0;
04/08/2018;ROC6;6;Exclos;D8;2;ERAN;4;7;
04/08/2018;ROC6;6;Exclos;D8;2;ERSC;5;1;
04/08/2018;ROC6;6;Exclos;D8;2;SAFO;6;0;
04/08/2018;ROC6;6;Exclos;D8;2;CAAQ;7;0;
04/08/2018;ROC6;6;Exclos;F3;3;DUFI;1;24;
04/08/2018;ROC6;6;Exclos;F3;3;SAHI;2;2;
04/08/2018;ROC6;6;Exclos;F3;3;STLO;3;3;
04/08/2018;ROC6;6;Exclos;F3;3;ERAN;4;1;
04/08/2018;ROC6;6;Exclos;F3;3;ERSC;5;3;
04/08/2018;ROC6;6;Exclos;F3;3;SAFO;6;0;
04/08/2018;ROC6;6;Exclos;F3;3;CAAQ;7;0;
04/08/2018;ROC6;6;Exclos;H7;4;DUFI;1;28;
04/08/2018;ROC6;6;Exclos;H7;4;SAHI;2;5;
04/08/2018;ROC6;6;Exclos;H7;4;STLO;3;0;
04/08/2018;ROC6;6;Exclos;H7;4;ERAN;4;1;
04/08/2018;ROC6;6;Exclos;H7;4;ERSC;5;3;
04/08/2018;ROC6;6;Exclos;H7;4;SAFO;6;1;
04/08/2018;ROC6;6;Exclos;H7;4;CAAQ;7;4;
04/08/2018;ROC6;1;Temoin;H4;1;DUFI;1;14;
04/08/2018;ROC6;1;Temoin;H4;1;ERSC;2;2;
04/08/2018;ROC6;1;Temoin;D4;2;DUFI;1;13;
04/08/2018;ROC6;1;Temoin;D4;2;ERSC;2;3;
04/08/2018;ROC6;1;Temoin;H5;3;DUFI;1;33;
04/08/2018;ROC6;1;Temoin;H5;3;ERSC;2;0;
04/08/2018;ROC6;1;Temoin;H2;4;DUFI;1;15;
04/08/2018;ROC6;1;Temoin;H2;4;ERSC;2;2;
04/08/2018;ROC6;1;Exclos;G8;1;DUFI;1;10;
04/08/2018;ROC6;1;Exclos;G8;1;STLO;2;0;
04/08/2018;ROC6;1;Exclos;G8;1;ERSC;3;0;
04/08/2018;ROC6;1;Exclos;G8;1;CAPR;4;0;
04/08/2018;ROC6;1;Exclos;H6;2;DUFI;1;11;
04/08/2018;ROC6;1;Exclos;H6;2;STLO;2;0;
04/08/2018;ROC6;1;Exclos;H6;2;ERSC;3;1;1
04/08/2018;ROC6;1;Exclos;H6;2;CAPR;4;0;
04/08/2018;ROC6;1;Exclos;C4;3;DUFI;1;7;
04/08/2018;ROC6;1;Exclos;C4;3;STLO;2;1;
04/08/2018;ROC6;1;Exclos;C4;3;ERSC;3;0;
04/08/2018;ROC6;1;Exclos;C4;3;CAPR;4;0;
04/08/2018;ROC6;1;Exclos;B8;4;DUFI;1;10;
04/08/2018;ROC6;1;Exclos;B8;4;STLO;2;0;
04/08/2018;ROC6;1;Exclos;B8;4;ERSC;3;5;
04/08/2018;ROC6;1;Exclos;B8;4;CAPR;4;1;
04/08/2018;ROC6;6;Temoin;C8;1;DUFI;1;44;
04/08/2018;ROC6;6;Temoin;C8;1;CAPR;2;13;
04/08/2018;ROC6;6;Temoin;C8;1;ERAN;3;0;
04/08/2018;ROC6;6;Temoin;C8;1;ERSC;4;0;
04/08/2018;ROC6;6;Temoin;C8;1;SAFO;5;0;
04/08/2018;ROC6;6;Temoin;E8;2;DUFI;1;41;
04/08/2018;ROC6;6;Temoin;E8;2;CAPR;2;3;
04/08/2018;ROC6;6;Temoin;E8;2;ERAN;3;9;
04/08/2018;ROC6;6;Temoin;E8;2;ERSC;4;0;
04/08/2018;ROC6;6;Temoin;E8;2;SAFO;5;0;
04/08/2018;ROC6;6;Temoin;G6;3;DUFI;1;58;
04/08/2018;ROC6;6;Temoin;G6;3;CAPR;2;0;
04/08/2018;ROC6;6;Temoin;G6;3;ERAN;3;7;
04/08/2018;ROC6;6;Temoin;G6;3;ERSC;4;4;
04/08/2018;ROC6;6;Temoin;G6;3;SAFO;5;1;1
04/08/2018;ROC6;6;Temoin;F2;4;DUFI;1;16;
04/08/2018;ROC6;6;Temoin;F2;4;CAPR;2;0;
04/08/2018;ROC6;6;Temoin;F2;4;ERAN;3;4;
04/08/2018;ROC6;6;Temoin;F2;4;ERSC;4;4;
04/08/2018;ROC6;6;Temoin;F2;4;SAFO;5;0;
04/08/2018;33;PS;Exclos;A6;1;DUFI;1;25;
04/08/2018;33;PS;Exclos;A6;1;ERAN;2;4;
04/08/2018;33;PS;Exclos;A6;1;HIPA;3;1;
04/08/2018;33;PS;Exclos;A6;1;ERSC;4;6;
04/08/2018;33;PS;Exclos;A6;1;STLO;5;0;
04/08/2018;33;PS;Exclos;A6;1;SAAR;6;0;
04/08/2018;33;PS;Exclos;A6;1;SARE;7;0;
04/08/2018;33;PS;Exclos;A6;1;CAAQ;8;0;
04/08/2018;33;PS;Exclos;E7;2;DUFI;1;13;
04/08/2018;33;PS;Exclos;E7;2;ERAN;2;4;
04/08/2018;33;PS;Exclos;E7;2;HIPA;3;2;
04/08/2018;33;PS;Exclos;E7;2;ERSC;4;0;
04/08/2018;33;PS;Exclos;E7;2;STLO;5;0;
04/08/2018;33;PS;Exclos;E7;2;SAAR;6;0;
04/08/2018;33;PS;Exclos;E7;2;SARE;7;0;
04/08/2018;33;PS;Exclos;E7;2;CAAQ;8;0;
04/08/2018;33;PS;Exclos;D2;3;DUFI;1;6;
04/08/2018;33;PS;Exclos;D2;3;ERAN;2;1;
04/08/2018;33;PS;Exclos;D2;3;HIPA;3;6;
04/08/2018;33;PS;Exclos;D2;3;ERSC;4;1;
04/08/2018;33;PS;Exclos;D2;3;STLO;5;7;
04/08/2018;33;PS;Exclos;D2;3;SAAR;6;1;
04/08/2018;33;PS;Exclos;D2;3;SARE;7;1;
04/08/2018;33;PS;Exclos;D2;3;CAAQ;8;6;
04/08/2018;33;PS;Exclos;H3;4;DUFI;1;4;
04/08/2018;33;PS;Exclos;H3;4;ERAN;2;6;
04/08/2018;33;PS;Exclos;H3;4;HIPA;3;8;
04/08/2018;33;PS;Exclos;H3;4;ERSC;4;2;
04/08/2018;33;PS;Exclos;H3;4;STLO;5;0;
04/08/2018;33;PS;Exclos;H3;4;SAAR;6;0;
04/08/2018;33;PS;Exclos;H3;4;SARE;7;0;
04/08/2018;33;PS;Exclos;H3;4;CAAQ;8;1;
05/08/2018;33;PS;Temoin;G7;1;DUFI;1;39;2
05/08/2018;33;PS;Temoin;G7;1;ERSC;2;5;
05/08/2018;33;PS;Temoin;H1;2;DUFI;1;47;
05/08/2018;33;PS;Temoin;H1;2;ERSC;2;3;
05/08/2018;33;PS;Temoin;E8;3;DUFI;1;63;2
05/08/2018;33;PS;Temoin;E8;3;ERSC;2;12;
05/08/2018;33;PS;Temoin;F4;4;DUFI;1;36;
05/08/2018;33;PS;Temoin;F4;4;ERSC;2;4;
05/08/2018;36;PS;Temoin;E2;1;DUFI;1;25;
05/08/2018;36;PS;Temoin;E2;1;ERSC;2;3;
05/08/2018;36;PS;Temoin;E2;1;CAAQ;3;1;
05/08/2018;36;PS;Temoin;E2;1;PLSA;4;0;
05/08/2018;36;PS;Temoin;A8;2;DUFI;1;21;
05/08/2018;36;PS;Temoin;A8;2;ERSC;2;4;
05/08/2018;36;PS;Temoin;A8;2;CAAQ;3;0;
05/08/2018;36;PS;Temoin;A8;2;PLSA;4;0;
05/08/2018;36;PS;Temoin;H4;3;DUFI;1;18;
05/08/2018;36;PS;Temoin;H4;3;ERSC;2;3;
05/08/2018;36;PS;Temoin;H4;3;CAAQ;3;0;
05/08/2018;36;PS;Temoin;H4;3;PLSA;4;8;
05/08/2018;36;PS;Temoin;F3;4;DUFI;1;28;
05/08/2018;36;PS;Temoin;F3;4;ERSC;2;4;
05/08/2018;36;PS;Temoin;F3;4;CAAQ;3;5;
05/08/2018;36;PS;Temoin;F3;4;PLSA;4;2;
05/08/2018;36;PS;Exclos;G2;1;DUFI;1;20;
05/08/2018;36;PS;Exclos;G2;1;CAAQ;2;7;
05/08/2018;36;PS;Exclos;G2;1;ERSC;3;5;
05/08/2018;36;PS;Exclos;G2;1;ERAN;4;3;
05/08/2018;36;PS;Exclos;G2;1;Gram_longue ligule;5;0;
05/08/2018;36;PS;Exclos;G2;1;CAPR;6;1;
05/08/2018;36;PS;Exclos;E5;2;DUFI;1;8;
05/08/2018;36;PS;Exclos;E5;2;CAAQ;2;4;
05/08/2018;36;PS;Exclos;E5;2;ERSC;3;1;
05/08/2018;36;PS;Exclos;E5;2;ERAN;4;3;
05/08/2018;36;PS;Exclos;E5;2;Gram_longue ligule;5;0;
05/08/2018;36;PS;Exclos;E5;2;CAPR;6;1;
05/08/2018;36;PS;Exclos;B1;3;DUFI;1;15;
05/08/2018;36;PS;Exclos;B1;3;CAAQ;2;2;
05/08/2018;36;PS;Exclos;B1;3;ERSC;3;0;
05/08/2018;36;PS;Exclos;B1;3;ERAN;4;2;
05/08/2018;36;PS;Exclos;B1;3;Gram_longue ligule;5;0;
05/08/2018;36;PS;Exclos;B1;3;CAPR;6;0;
05/08/2018;36;PS;Exclos;C8;4;DUFI;1;18;
05/08/2018;36;PS;Exclos;C8;4;CAAQ;2;4;
05/08/2018;36;PS;Exclos;C8;4;ERSC;3;2;
05/08/2018;36;PS;Exclos;C8;4;ERAN;4;0;
05/08/2018;36;PS;Exclos;C8;4;Gram_longue ligule;5;1;
05/08/2018;36;PS;Exclos;C8;4;CAPR;6;0;
05/08/2018;D1;PR;Temoin;G7;1;ARLA;1;13;
05/08/2018;D1;PR;Temoin;G7;1;SAAR;2;0;
05/08/2018;D1;PR;Temoin;G7;1;SAHE;3;8;
05/08/2018;D1;PR;Temoin;G7;1;CATE;4;1;
05/08/2018;D1;PR;Temoin;G7;1;STLO;5;2;
05/08/2018;D1;PR;Temoin;G7;1;LUNI;6;0;
05/08/2018;D1;PR;Temoin;H7;2;ARLA;1;3;
05/08/2018;D1;PR;Temoin;H7;2;SAAR;2;0;
05/08/2018;D1;PR;Temoin;H7;2;SAHE;3;0;
05/08/2018;D1;PR;Temoin;H7;2;CATE;4;23;2
05/08/2018;D1;PR;Temoin;H7;2;STLO;5;0;
05/08/2018;D1;PR;Temoin;H7;2;LUNI;6;0;
05/08/2018;D1;PR;Temoin;C1;3;ARLA;1;14;
05/08/2018;D1;PR;Temoin;C1;3;SAAR;2;0;
05/08/2018;D1;PR;Temoin;C1;3;SAHE;3;7;
05/08/2018;D1;PR;Temoin;C1;3;CATE;4;3;
05/08/2018;D1;PR;Temoin;C1;3;STLO;5;1;
05/08/2018;D1;PR;Temoin;C1;3;LUNI;6;4;
05/08/2018;D1;PR;Temoin;A7;4;ARLA;1;3;
05/08/2018;D1;PR;Temoin;A7;4;SAAR;2;4;
05/08/2018;D1;PR;Temoin;A7;4;SAHE;3;0;
05/08/2018;D1;PR;Temoin;A7;4;CATE;4;5;
05/08/2018;D1;PR;Temoin;A7;4;STLO;5;0;
05/08/2018;D1;PR;Temoin;A7;4;LUNI;6;0;
05/08/2018;D1;PR;Exclos;D4;1;SAAR;1;1;
05/08/2018;D1;PR;Exclos;D4;1;SAHE;2;15;
05/08/2018;D1;PR;Exclos;D4;1;ARLA;3;9;
05/08/2018;D1;PR;Exclos;D4;1;STLO;4;1;
05/08/2018;D1;PR;Exclos;D4;1;OXDY;5;1;
05/08/2018;D1;PR;Exclos;D4;1;LUNI;6;0;
05/08/2018;D1;PR;Exclos;D3;2;SAAR;1;1;
05/08/2018;D1;PR;Exclos;D3;2;SAHE;2;27;
05/08/2018;D1;PR;Exclos;D3;2;ARLA;3;6;
05/08/2018;D1;PR;Exclos;D3;2;STLO;4;0;
05/08/2018;D1;PR;Exclos;D3;2;OXDY;5;0;
05/08/2018;D1;PR;Exclos;D3;2;LUNI;6;0;
05/08/2018;D1;PR;Exclos;D5;3;SAAR;1;2;
05/08/2018;D1;PR;Exclos;D5;3;SAHE;2;30;
05/08/2018;D1;PR;Exclos;D5;3;ARLA;3;2;
05/08/2018;D1;PR;Exclos;D5;3;STLO;4;0;
05/08/2018;D1;PR;Exclos;D5;3;OXDY;5;0;
05/08/2018;D1;PR;Exclos;D5;3;LUNI;6;2;
05/08/2018;D1;PR;Exclos;E5;4;SAAR;1;1;
05/08/2018;D1;PR;Exclos;E5;4;SAHE;2;1;
05/08/2018;D1;PR;Exclos;E5;4;ARLA;3;3;
05/08/2018;D1;PR;Exclos;E5;4;STLO;4;0;
05/08/2018;D1;PR;Exclos;E5;4;OXDY;5;0;
05/08/2018;D1;PR;Exclos;E5;4;LUNI;6;0;
05/08/2018;B1;PR;Exclos;F5;1;SAAR;1;1;
05/08/2018;B1;PR;Exclos;F5;1;ARLA;2;2;
05/08/2018;B1;PR;Exclos;F5;1;OXDY;3;0;
05/08/2018;B1;PR;Exclos;F5;1;STLO;4;1;
05/08/2018;B1;PR;Exclos;F5;1;POAR;5;0;
05/08/2018;B1;PR;Exclos;H1;2;SAAR;1;7;
05/08/2018;B1;PR;Exclos;H1;2;ARLA;2;1;
05/08/2018;B1;PR;Exclos;H1;2;OXDY;3;2;
05/08/2018;B1;PR;Exclos;H1;2;STLO;4;0;
05/08/2018;B1;PR;Exclos;H1;2;POAR;5;0;
05/08/2018;B1;PR;Exclos;H1;3;SAAR;1;8;
05/08/2018;B1;PR;Exclos;D5;3;ARLA;2;23;
05/08/2018;B1;PR;Exclos;D5;3;OXDY;3;0;
05/08/2018;B1;PR;Exclos;D5;3;STLO;4;2;
05/08/2018;B1;PR;Exclos;D5;3;POAR;5;7;
05/08/2018;B1;PR;Exclos;E7;4;SAAR;1;4;
05/08/2018;B1;PR;Exclos;E7;4;ARLA;2;9;
05/08/2018;B1;PR;Exclos;E7;4;OXDY;3;0;
05/08/2018;B1;PR;Exclos;E7;4;STLO;4;0;
05/08/2018;B1;PR;Exclos;E7;4;POAR;5;0;
06/08/2018;B1;PR;Temoin;H6;1;SAAR;1;0;
06/08/2018;B1;PR;Temoin;H6;1;POVI;2;2;
06/08/2018;B1;PR;Temoin;H6;1;STLO;3;1;
06/08/2018;B1;PR;Temoin;H6;1;POAR;4;3;
06/08/2018;B1;PR;Temoin;H6;1;LUNI;5;1;
06/08/2018;B1;PR;Temoin;H6;1;ARLA;6;0;
06/08/2018;B1;PR;Temoin;H4;2;SAAR;1;7;
06/08/2018;B1;PR;Temoin;H4;2;POVI;2;0;
06/08/2018;B1;PR;Temoin;H4;2;STLO;3;0;
06/08/2018;B1;PR;Temoin;H4;2;POAR;4;0;
06/08/2018;B1;PR;Temoin;H4;2;LUNI;5;7;
06/08/2018;B1;PR;Temoin;H4;2;ARLA;6;0;
06/08/2018;B1;PR;Temoin;D4;3;SAAR;1;2;
06/08/2018;B1;PR;Temoin;D4;3;POVI;2;0;
06/08/2018;B1;PR;Temoin;D4;3;STLO;3;1;
06/08/2018;B1;PR;Temoin;D4;3;POAR;4;0;
06/08/2018;B1;PR;Temoin;D4;3;LUNI;5;0;
06/08/2018;B1;PR;Temoin;D4;3;ARLA;6;2;
06/08/2018;B1;PR;Temoin;D2;4;SAAR;1;1;
06/08/2018;B1;PR;Temoin;D2;4;POVI;2;0;
06/08/2018;B1;PR;Temoin;D2;4;STLO;3;1;
06/08/2018;B1;PR;Temoin;D2;4;POAR;4;0;
06/08/2018;B1;PR;Temoin;D2;4;LUNI;5;1;
06/08/2018;B1;PR;Temoin;D2;4;ARLA;6;0;
06/08/2018;A1;PR;Exclos;C1;1;SAAR;1;5;
06/08/2018;A1;PR;Exclos;C1;1;ARLA;2;4;
06/08/2018;A1;PR;Exclos;C1;1;LUCO;3;1;
06/08/2018;A1;PR;Exclos;C1;1;POVI;4;0;
06/08/2018;A1;PR;Exclos;C1;1;LUNI;5;1;
06/08/2018;A1;PR;Exclos;A5;2;SAAR;1;4;
06/08/2018;A1;PR;Exclos;A5;2;ARLA;2;4;
06/08/2018;A1;PR;Exclos;A5;2;LUCO;3;0;
06/08/2018;A1;PR;Exclos;H5;3;SAAR;1;3;
06/08/2018;A1;PR;Exclos;H5;3;ARLA;2;1;
06/08/2018;A1;PR;Exclos;H5;3;LUCO;3;3;
06/08/2018;A1;PR;Exclos;H5;3;POVI;4;2;
06/08/2018;A1;PR;Exclos;H2;4;SAAR;1;0;
06/08/2018;A1;PR;Exclos;H2;4;ARLA;2;7;1
06/08/2018;A1;PR;Exclos;H2;4;LUCO;3;0;
06/08/2018;A1;PR;Exclos;H2;4;POVI;4;4;
06/08/2018;A1;PR;Exclos;H2;4;LUNI;5;3;
06/08/2018;A1;PR;Temoin;C6;1;SAAR;1;2;
06/08/2018;A1;PR;Temoin;C6;1;ARLA;2;5;
06/08/2018;A1;PR;Temoin;C6;1;POVI;3;1;
06/08/2018;A1;PR;Temoin;C6;1;LUNI;4;0;
06/08/2018;A1;PR;Temoin;E5;2;SAAR;1;13;
06/08/2018;A1;PR;Temoin;E5;2;ARLA;2;2;
06/08/2018;A1;PR;Temoin;E5;2;POVI;3;0;
06/08/2018;A1;PR;Temoin;E5;2;LUNI;4;9;
06/08/2018;A1;PR;Temoin;E4;3;SAAR;1;5;
06/08/2018;A1;PR;Temoin;E4;3;ARLA;2;0;
06/08/2018;A1;PR;Temoin;E4;3;POVI;3;1;
06/08/2018;A1;PR;Temoin;E4;3;LUNI;4;12;1
06/08/2018;A1;PR;Temoin;E4;3;STLO;5;1;
06/08/2018;A1;PR;Temoin;F2;4;SAAR;1;0;
06/08/2018;A1;PR;Temoin;F2;4;ARLA;2;0;
06/08/2018;A1;PR;Temoin;F2;4;POVI;3;0;
06/08/2018;A1;PR;Temoin;F2;4;LUNI;4;0;
06/08/2018;A1;PR;Temoin;F2;4;STLO;5;0;
06/08/2018;A1;PR;Temoin;F2;4;Gram_feuilles_enroulées;6;1;
06/08/2018;Roc7;10;Exclos;E5;1;DUFI;1;13;
06/08/2018;Roc7;10;Exclos;E5;1;POAR;2;7;
06/08/2018;Roc7;10;Exclos;E5;1;HIPA;3;10;1
06/08/2018;Roc7;10;Exclos;E5;1;ERSC;4;2;
06/08/2018;Roc7;10;Exclos;E5;1;STLO;5;2;
06/08/2018;Roc7;10;Exclos;E5;1;CAAQ;6;2;
06/08/2018;Roc7;10;Exclos;E6;2;DUFI;1;9;
06/08/2018;Roc7;10;Exclos;E6;2;POAR;2;4;
06/08/2018;Roc7;10;Exclos;E6;2;HIPA;3;4;
06/08/2018;Roc7;10;Exclos;E6;2;ERSC;4;1;
06/08/2018;Roc7;10;Exclos;E6;2;STLO;5;9;2
06/08/2018;Roc7;10;Exclos;E1;3;DUFI;1;8;
06/08/2018;Roc7;10;Exclos;E1;3;POAR;2;5;3
06/08/2018;Roc7;10;Exclos;E1;3;HIPA;3;3;
06/08/2018;Roc7;10;Exclos;E1;3;ERSC;4;3;
06/08/2018;Roc7;10;Exclos;E1;3;STLO;5;2;2
06/08/2018;Roc7;10;Exclos;E1;3;CAAQ;6;2;
06/08/2018;Roc7;10;Exclos;G1;4;DUFI;1;9;
06/08/2018;Roc7;10;Exclos;G1;4;POAR;2;4;2
06/08/2018;Roc7;10;Exclos;G1;4;HIPA;3;6;
06/08/2018;Roc7;10;Exclos;G1;4;ERSC;4;3;
06/08/2018;Roc7;10;Exclos;G1;4;STLO;5;1;
06/08/2018;Roc7;10;Exclos;G1;4;CAAQ;6;2;
07/08/2018;Roc7;14;Temoin;D6;1;HIPA;1;143;4
07/08/2018;Roc7;14;Temoin;D6;1;DUFI;2;15;
07/08/2018;Roc7;14;Temoin;D6;1;ERSC;3;0;
07/08/2018;Roc7;14;Temoin;D6;1;PEAL;4;0;
07/08/2018;Roc7;14;Temoin;D6;1;POAR;5;6;
07/08/2018;Roc7;14;Temoin;C4;2;HIPA;1;136;7
07/08/2018;Roc7;14;Temoin;C4;2;DUFI;2;2;
07/08/2018;Roc7;14;Temoin;C4;2;ERSC;3;1;
07/08/2018;Roc7;14;Temoin;C4;2;PEAL;4;1;
07/08/2018;Roc7;14;Temoin;C4;2;POAR;5;0;
07/08/2018;Roc7;14;Temoin;C6;3;HIPA;1;120;10
07/08/2018;Roc7;14;Temoin;C6;3;DUFI;2;2;
07/08/2018;Roc7;14;Temoin;C6;3;ERSC;3;0;
07/08/2018;Roc7;14;Temoin;C6;3;PEAL;4;1;
07/08/2018;Roc7;14;Temoin;C6;3;POAR;5;2;
07/08/2018;Roc7;14;Temoin;H2;4;HIPA;1;117;
07/08/2018;Roc7;14;Temoin;H2;4;DUFI;2;28;
07/08/2018;Roc7;14;Temoin;H2;4;ERSC;3;0;
07/08/2018;Roc7;14;Temoin;H2;4;PEAL;4;0;
07/08/2018;Roc7;14;Temoin;H2;4;POAR;5;4;
07/08/2018;Roc7;14;Exclos;D7;1;POAR;1;137;
07/08/2018;Roc7;14;Exclos;D7;1;HIPA;2;0;
07/08/2018;Roc7;14;Exclos;D7;1;DUFI;3;3;
07/08/2018;Roc7;14;Exclos;D7;1;ERSC;4;12;
07/08/2018;Roc7;14;Exclos;D7;1;CAAQ;5;0;
07/08/2018;Roc7;14;Exclos;D7;1;SAFO;6;;
07/08/2018;Roc7;14;Exclos;D7;1;STLO;7;;
07/08/2018;Roc7;14;Exclos;H3;2;POAR;1;155;11
07/08/2018;Roc7;14;Exclos;H3;2;HIPA;2;14;
07/08/2018;Roc7;14;Exclos;H3;2;DUFI;3;11;
07/08/2018;Roc7;14;Exclos;H3;2;ERSC;4;8;
07/08/2018;Roc7;14;Exclos;H3;2;CAAQ;5;1;
07/08/2018;Roc7;14;Exclos;H3;2;SAFO;6;0;
07/08/2018;Roc7;14;Exclos;H3;2;STLO;7;0;
07/08/2018;Roc7;14;Exclos;A4;3;POAR;1;3;1
07/08/2018;Roc7;14;Exclos;A4;3;HIPA;2;65;
07/08/2018;Roc7;14;Exclos;A4;3;DUFI;3;12;
07/08/2018;Roc7;14;Exclos;A4;3;ERSC;4;2;
07/08/2018;Roc7;14;Exclos;A4;3;CAAQ;5;1;
07/08/2018;Roc7;14;Exclos;A4;3;SAFO;6;1;
07/08/2018;Roc7;14;Exclos;A4;3;STLO;7;12;
07/08/2018;Roc7;14;Exclos;C8;4;POAR;1;164;
07/08/2018;Roc7;14;Exclos;C8;4;HIPA;2;0;
07/08/2018;Roc7;14;Exclos;C8;4;DUFI;3;17;
07/08/2018;Roc7;14;Exclos;C8;4;ERSC;4;24;
07/08/2018;Roc7;14;Exclos;C8;4;CAAQ;5;0;
07/08/2018;Roc7;14;Exclos;C8;4;SAFO;6;0;
07/08/2018;Roc7;14;Exclos;C8;4;STLO;7;3;
07/08/2018;35;PS;Temoin;B4;1;DUFI;1;24;
07/08/2018;35;PS;Temoin;B4;1;ERSC;2;4;
07/08/2018;35;PS;Temoin;B4;1;CAAQ;3;0;
07/08/2018;35;PS;Temoin;E3;2;DUFI;1;11;
07/08/2018;35;PS;Temoin;E3;2;ERSC;2;2;
07/08/2018;35;PS;Temoin;E3;2;CAAQ;3;0;
07/08/2018;35;PS;Temoin;C4;3;DUFI;1;27;
07/08/2018;35;PS;Temoin;C4;3;ERSC;2;0;
07/08/2018;35;PS;Temoin;C4;3;CAAQ;3;7;
07/08/2018;35;PS;Temoin;A2;4;DUFI;1;10;
07/08/2018;35;PS;Temoin;A2;4;ERSC;2;3;
07/08/2018;35;PS;Temoin;A2;4;CAAQ;3;5;
07/08/2018;35;PS;Exclos;H7;4;DUFI;1;29;1
07/08/2018;35;PS;Exclos;H7;4;CAAQ;2;9;2
07/08/2018;35;PS;Exclos;H7;4;ERSC;3;13;
07/08/2018;35;PS;Exclos;H7;4;ARUL;4;0;
07/08/2018;35;PS;Exclos;H7;4;HIPA;5;6;
07/08/2018;35;PS;Exclos;H7;4;GRAM_INC_FESTUCA;6;5;
07/08/2018;35;PS;Exclos;F1;1;DUFI;1;11;
07/08/2018;35;PS;Exclos;F1;1;CAAQ;2;9;2
07/08/2018;35;PS;Exclos;F1;1;ERSC;3;2;
07/08/2018;35;PS;Exclos;F1;1;ARUL;4;2;
07/08/2018;35;PS;Exclos;F1;1;HIPA;5;0;
07/08/2018;35;PS;Exclos;F1;1;GRAM_INC_FESTUCA;6;0;
07/08/2018;35;PS;Exclos;F8;2;DUFI;1;19;
07/08/2018;35;PS;Exclos;F8;2;CAAQ;2;8;
07/08/2018;35;PS;Exclos;F8;2;ERSC;3;5;
07/08/2018;35;PS;Exclos;F8;2;ARUL;4;0;
07/08/2018;35;PS;Exclos;F8;2;HIPA;5;2;
07/08/2018;35;PS;Exclos;F8;2;GRAM_INC_FESTUCA;6;0;
07/08/2018;35;PS;Exclos;E2;3;DUFI;1;21;
07/08/2018;35;PS;Exclos;E2;3;CAAQ;2;2;
07/08/2018;35;PS;Exclos;E2;3;ERSC;3;10;
07/08/2018;35;PS;Exclos;E2;3;ARUL;4;0;
07/08/2018;35;PS;Exclos;E2;3;HIPA;5;0;
07/08/2018;35;PS;Exclos;E2;3;GRAM_INC_FESTUCA;6;0;
07/08/2018;C1;PR;Temoin;E8;1;SAAR;1;2;
07/08/2018;C1;PR;Temoin;F6;2;SAAR;1;4;
07/08/2018;C1;PR;Temoin;F6;2;POAR;2;1;
07/08/2018;C1;PR;Temoin;F6;2;SAOP;3;1;
07/08/2018;C1;PR;Temoin;F7;3;SAAR;1;0;
07/08/2018;C1;PR;Temoin;F7;3;POAR;2;0;
07/08/2018;C1;PR;Temoin;F7;3;SAOP;3;0;
07/08/2018;C1;PR;Temoin;F7;3;ARLA;4;4;
07/08/2018;C1;PR;Temoin;F7;3;POVI;5;1;
07/08/2018;C1;PR;Temoin;F7;3;LUNI;6;7;
07/08/2018;C1;PR;Temoin;D4;4;SAAR;1;3;
07/08/2018;C1;PR;Temoin;D4;4;POAR;2;0;
07/08/2018;C1;PR;Temoin;D4;4;SAOP;3;0;
07/08/2018;C1;PR;Temoin;D4;4;ARLA;4;4;
07/08/2018;C1;PR;Temoin;D4;4;POVI;5;0;
07/08/2018;C1;PR;Temoin;D4;4;LUNI;6;0;
07/08/2018;C1;PR;Exclos;E6;2;ARLA;1;4;
07/08/2018;C1;PR;Exclos;E6;2;LUNI;2;2;
07/08/2018;C1;PR;Exclos;E6;2;SAAR;3;4;
07/08/2018;C1;PR;Exclos;C5;1;ARLA;1;4;
07/08/2018;C1;PR;Exclos;C5;1;LUNI;2;2;
07/08/2018;C1;PR;Exclos;C5;1;SAAR;3;2;
07/08/2018;C1;PR;Exclos;F5;3;ARLA;1;6;
07/08/2018;C1;PR;Exclos;F5;3;LUNI;2;0;
07/08/2018;C1;PR;Exclos;F5;3;SAAR;3;11;
07/08/2018;C1;PR;Exclos;G4;4;ARLA;1;3;
07/08/2018;C1;PR;Exclos;G4;4;LUNI;2;9;
07/08/2018;C1;PR;Exclos;G4;4;SAAR;3;1;
07/08/2018;C1;PR;Exclos;G4;4;POVI;4;1;
07/08/2018;C1;PR;Exclos;G4;4;POAR;5;2;
;ROC7;6;Temoin;E4;2;HIPA;1;6;
;ROC7;6;Temoin;E4;2;PEAL;2;2;
;ROC7;6;Temoin;E4;2;ERSC;3;1;
;ROC7;6;Temoin;E4;2;DUFI;4;1;
;ROC7;6;Temoin;E4;2;CAAQ;5;0;
;ROC7;6;Temoin;G2;1;HIPA;1;10;
;ROC7;6;Temoin;G2;1;PEAL;2;0;
;ROC7;6;Temoin;G2;1;ERSC;3;7;
;ROC7;6;Temoin;G2;1;DUFI;4;25;
;ROC7;6;Temoin;G2;1;CAAQ;5;0;
;ROC7;6;Temoin;C7;3;HIPA;1;29;
;ROC7;6;Temoin;C7;3;PEAL;2;0;
;ROC7;6;Temoin;C7;3;ERSC;3;1;
;ROC7;6;Temoin;C7;3;DUFI;4;13;
;ROC7;6;Temoin;C7;3;CAAQ;5;1;
;ROC7;6;Temoin;B3;4;HIPA;1;44;
;ROC7;6;Temoin;B3;4;PEAL;2;0;
;ROC7;6;Temoin;B3;4;ERSC;3;3;
;ROC7;6;Temoin;B3;4;DUFI;4;0;
;ROC7;6;Temoin;B3;4;CAAQ;5;1;
;ROC7;1;Exclos;F4;3;CAAQ;1;1;
;ROC7;1;Exclos;F4;3;DUFI;2;4;
;ROC7;1;Exclos;F4;3;ERSC;3;7;
;ROC7;1;Exclos;F4;3;HIPA;4;2;
;ROC7;1;Exclos;F4;3;POAR;5;1;
;ROC7;1;Exclos;G1;1;CAAQ;1;5;
;ROC7;1;Exclos;G1;1;DUFI;2;9;
;ROC7;1;Exclos;G1;1;ERSC;3;0;
;ROC7;1;Exclos;G1;1;HIPA;4;0;
;ROC7;1;Exclos;G1;1;POAR;5;0;
;ROC7;1;Exclos;B2;4;CAAQ;1;0;
;ROC7;1;Exclos;B2;4;DUFI;2;13;
;ROC7;1;Exclos;B2;4;ERSC;3;9;
;ROC7;1;Exclos;B2;4;HIPA;4;0;
;ROC7;1;Exclos;B2;4;POAR;5;0;
;ROC7;1;Exclos;B3;2;CAAQ;1;3;
;ROC7;1;Exclos;B3;2;DUFI;2;8;
;ROC7;1;Exclos;B3;2;ERSC;3;6;
;ROC7;1;Exclos;B3;2;HIPA;4;0;
;ROC7;1;Exclos;B3;2;POAR;5;0;
;ROC7;1;Temoin;B5;1;DUFI;1;15;
;ROC7;1;Temoin;B5;1;ERSC;2;2;
;ROC7;1;Temoin;B5;1;PEAL;3;0;
;ROC7;1;Temoin;B5;1;CAPR;4;0;
;ROC7;1;Temoin;G4;2;DUFI;1;22;
;ROC7;1;Temoin;G4;2;ERSC;2;1;
;ROC7;1;Temoin;G4;2;PEAL;3;3;
;ROC7;1;Temoin;G4;2;CAPR;4;0;
;ROC7;1;Temoin;B7;3;DUFI;1;22;
;ROC7;1;Temoin;B7;3;ERSC;2;3;
;ROC7;1;Temoin;B7;3;PEAL;3;0;
;ROC7;1;Temoin;B7;3;CAPR;4;2;
;ROC7;1;Temoin;E4;4;DUFI;1;20;
;ROC7;1;Temoin;E4;4;ERSC;2;2;
;ROC7;1;Temoin;E4;4;PEAL;3;2;
;ROC7;1;Temoin;E4;4;CAPR;4;0;
;ROC7;4;Temoin;A5;2;CAAQ;1;3;
;ROC7;4;Temoin;A5;2;DUFI;2;33;
;ROC7;4;Temoin;A5;2;ERSC;3;0;
;ROC7;4;Temoin;A5;2;ERAN;4;0;
;ROC7;4;Temoin;A5;2;SAAR;5;0;
;ROC7;4;Temoin;A5;2;HIPA;6;4;
;ROC7;4;Temoin;H6;1;CAAQ;1;6;
;ROC7;4;Temoin;H6;1;DUFI;2;21;
;ROC7;4;Temoin;H6;1;ERSC;3;13;
;ROC7;4;Temoin;H6;1;ERAN;4;1;
;ROC7;4;Temoin;H6;1;SAAR;5;0;
;ROC7;4;Temoin;H6;1;HIPA;6;0;
;ROC7;4;Temoin;C8;3;CAAQ;1;1;
;ROC7;4;Temoin;C8;3;DUFI;2;17;
;ROC7;4;Temoin;C8;3;ERSC;3;18;
;ROC7;4;Temoin;C8;3;ERAN;4;0;
;ROC7;4;Temoin;C8;3;SAAR;5;2;
;ROC7;4;Temoin;C8;3;HIPA;6;0;
;ROC7;4;Temoin;C2;4;CAAQ;1;6;
;ROC7;4;Temoin;C2;4;DUFI;2;6;
;ROC7;4;Temoin;C2;4;ERSC;3;5;
;ROC7;4;Temoin;C2;4;ERAN;4;0;
;ROC7;4;Temoin;C2;4;SAAR;5;0;
;ROC7;4;Temoin;C2;4;HIPA;6;2;
;ROC7;6;Exclos;E1;1;HIPA;1;45;
;ROC7;6;Exclos;E1;1;ERSC;2;31;
;ROC7;6;Exclos;E1;1;DUFI;3;5;
;ROC7;6;Exclos;E1;1;Poa_sp;4;0;
;ROC7;6;Exclos;E1;1;STLO;5;1;
;ROC7;6;Exclos;E1;1;CAAQ;6;1;
;ROC7;6;Exclos;G3;2;HIPA;1;31;
;ROC7;6;Exclos;G3;2;ERSC;2;40;
;ROC7;6;Exclos;G3;2;DUFI;3;0;
;ROC7;6;Exclos;G3;2;Poa_sp;4;0;
;ROC7;6;Exclos;G3;2;STLO;5;1;
;ROC7;6;Exclos;G3;2;CAAQ;6;0;
;ROC7;6;Exclos;G4;3;HIPA;1;46;
;ROC7;6;Exclos;G4;3;ERSC;2;48;
;ROC7;6;Exclos;G4;3;DUFI;3;0;
;ROC7;6;Exclos;G4;3;Poa_sp;4;0;
;ROC7;6;Exclos;G4;3;STLO;5;1;
;ROC7;6;Exclos;G4;3;CAAQ;6;0;
;ROC7;6;Exclos;F7;4;HIPA;1;62;
;ROC7;6;Exclos;F7;4;ERSC;2;103;
;ROC7;6;Exclos;F7;4;DUFI;3;13;
;ROC7;6;Exclos;F7;4;Poa_sp;4;1;
;ROC7;6;Exclos;F7;4;STLO;5;3;
;ROC7;6;Exclos;F7;4;CAAQ;6;0;
