Date;Parcelle;Traitement;Exclos;Sous_parcelle;Medaille;Temp_eau_thermique;Temp;pH;Type_sol;Humidite_pourc;Temp_wet;Front_degel;Conductivite;Hmoyenne;Hmax_veg;Hmax_repro;Temp_vasculaires;Temp_mousses;Hobo_2017;Prof_hobo;Hobo_2018;Couv_hobo
11/07/2018;71;PA;Exclos;NE;296;;;5,16;Organique;94,1;10,9;20;1;;10;8;NA;10,5;20177068;4,7;10355248;mousse
11/07/2018;71;PA;Exclos;SE;295;;;5,23;Organique;95,4;11;21;3;;4;7,5;NA;9,8;20177068;4,7;10355248;mousse
11/07/2018;71;PA;Exclos;SO;294;;;4,92;Organique;95,7;10,8;21;4;;6;7;NA;9,3;20177068;4,7;10355248;mousse
11/07/2018;71;PA;Exclos;NO;293;;;5,3;Organique;96,1;11,4;21;7;;7;7;NA;10,2;20177068;4,7;10355248;mousse
11/07/2018;71;PA;Temoin;NE;252;;;5,27;Organique;93,8;10,6;20;8;;11;10;NA;10,5;20151607;4;10358216;mousse
11/07/2018;71;PA;Temoin;SE;300;;;5,23;Organique;94,5;11,2;21;10;;10;NA;NA;10,6;20151607;4;10358216;mousse
11/07/2018;71;PA;Temoin;SO;299;;;5,91;Organique;94;10,1;20;10;;10;NA;NA;11,4;20151607;4;10358216;mousse
11/07/2018;71;PA;Temoin;NO;298;;;5,71;Organique;94,3;12,5;20;14;;NA;NA;NA;10,6;20151607;4;10358216;mousse
12/07/2018;72;PA;Exclos;NE;256;;;5,86;Organique;95,7;6,6;20;-1;;10;14;5,4;8,5;20177025;6;1010821;mousse
12/07/2018;72;PA;Exclos;SE;254;;;5,7;Organique;13,7;8,1;30;0;;7;8;6,7;7,8;20177025;6;1010821;mousse
12/07/2018;72;PA;Exclos;SO;253;;;5,43;Organique;5,06;8,6;12;0;;8;9;5,8;8,1;20177025;6;1010821;mousse
12/07/2018;72;PA;Exclos;NO;255;;;4,5;Organique;73;7,5;18;-7;;6,5;8;NA;4,9;20177025;6;1010821;mousse
12/07/2018;72;PA;Temoin;NE;289;;;4,84;Organique;97,4;9,7;28;-1;;9;NA;NA;7,5;20177033;5;236828;mousse
12/07/2018;72;PA;Temoin;SE;290;;;4,9;Organique;98,7;8,7;28;-2;;4,5;NA;NA;7,7;20177033;5;236828;mousse
12/07/2018;72;PA;Temoin;SO;291;;;4,73;Organique;98,3;8,7;27;-2;;9;NA;NA;7,9;20177033;5;236828;mousse
12/07/2018;72;PA;Temoin;NO;288;;;5,8;Organique;96,3;8,7;26;-2;;11;12;NA;7,6;20177033;5;236828;mousse
13/07/2018;51;PH;Exclos;NE;;;;;;;;10;;;;;;;20151585;7;2023615;
13/07/2018;51;PH;Exclos;SE;;;;;;;;9;;;;;;;20151585;7;2023615;
13/07/2018;51;PH;Exclos;SO;;;;;;;;8;;;;;;;20151585;7;2023615;
13/07/2018;51;PH;Exclos;NO;;;;;;;;20;;;;;;;20151585;7;2023615;
13/07/2018;51;PH;Temoin;NE;;;;;;;;20;;;;;;;;7;1010810;
13/07/2018;51;PH;Temoin;SE;;;;;;;;20;;;;;;;;7;1010810;
13/07/2018;51;PH;Temoin;NO;;;;;;;;22;;;;;;;;7;1010810;
13/07/2018;51;PH;Temoin;NO;;;;;;;;21;;;;;;;;7;1010810;
13/07/2018;31;PH;Exclos;NE;;;;;;;;19;;;;;;;1072738;4;236827;
13/07/2018;31;PH;Exclos;SE;;;;;;;;20;;;;;;;1072738;4;236827;
13/07/2018;31;PH;Exclos;SO;;;;;;;;20;;;;;;;1072738;4;236827;
13/07/2018;31;PH;Exclos;NO;;;;;;;;21;;;;;;;1072738;4;236827;
13/07/2018;31;PH;Temoin;NE;;;;;;;;19;;;;;;;10358247;6;10358263;
13/07/2018;31;PH;Temoin;SE;;;;;;;;18;;;;;;;10358247;6;10358263;
13/07/2018;31;PH;Temoin;SO;;;;;;;;18;;;;;;;10358247;6;10358263;
13/07/2018;31;PH;Temoin;NO;;;;;;;;16;;;;;;;10358247;6;10358263;
13/07/2018;43;PAS;Exclos;NE;534;;;;;;;9;;;;;;;;4;2023590;
13/07/2018;43;PAS;Exclos;SE;150;;;;;;;7;;;;;;;;4;2023590;
13/07/2018;43;PAS;Exclos;SO;120;;;;;;;11;;;;;;;;4;2023590;
13/07/2018;43;PAS;Exclos;NO;102;;;;;;;10;;;;;;;;4;2023590;
13/07/2018;43;PAS;Temoin;NE;104;;;;;;;11;;;;;;;;4;9754721;
13/07/2018;43;PAS;Temoin;SE;145;;;;;;;21;;;;;;;;4;9754721;
13/07/2018;43;PAS;Temoin;SO;118;;;;;;;19;;;;;;;;4;9754721;
13/07/2018;43;PAS;Temoin;NO;144;;;;;;;15;;;;;;;;4;9754721;
13/07/2018;26;PAS;Exclos;NE;112;;;;;;;12;;;;;;;20151586;6;2368281;graminés
13/07/2018;26;PAS;Exclos;SE;210;;;;;;;8;;;;;;;20151586;6;2368281;graminés
13/07/2018;26;PAS;Exclos;SO;123;;;;;;;9;;;;;;;20151586;6;2368281;graminés
13/07/2018;26;PAS;Exclos;NO;127;;;;;;;10;;;;;;;20151586;6;2368281;graminés
13/07/2018;26;PAS;Temoin;NE;115;;;;;;;9;;;;;;;20151605;4;10361669;mousse
13/07/2018;26;PAS;Temoin;SE;103;;;;;;;8;;;;;;;20151605;4;10361669;mousse
13/07/2018;26;PAS;Temoin;SO;106;;;;;;;8;;;;;;;20151605;4;10361669;mousse
13/07/2018;26;PAS;Temoin;NO;224;;;;;;;14;;;;;;;20151605;4;10361669;mousse
13/07/2018;ROC7;14;Exclos;NE;105;;;;;;;26;;;;;;;20141227;5;2023617;graminés
13/07/2018;ROC7;14;Exclos;SE;301;;;;;;;22;;;;;;;20141227;5;2023617;graminés
13/07/2018;ROC7;14;Exclos;SO;302;;;;;;;24;;;;;;;20141227;5;2023617;graminés
13/07/2018;ROC7;14;Exclos;NO;122;;;;;;;28;;;;;;;20141227;5;2023617;graminés
13/07/2018;ROC7;14;Temoin;NE;143;;;;;;;20;;;;;;;20156715;7;2368264;mousse
13/07/2018;ROC7;14;Temoin;SE;683;;;;;;;18;;;;;;;20156715;7;2368264;mousse
13/07/2018;ROC7;14;Temoin;SO;114;;;;;;;17;;;;;;;20156715;7;2368264;mousse
13/07/2018;ROC7;14;Temoin;NO;132;;;;;;;19;;;;;;;20156715;7;2368264;mousse
13/07/2018;A1;PR;Exclos;NE;3;;;;;;;16;;;;;;;20151594;8;20178190;mousse
13/07/2018;A1;PR;Exclos;SE;39;;;;;;;22;;;;;;;20151594;8;20178190;mousse
13/07/2018;A1;PR;Exclos;SO;40;;;;;;;15;;;;;;;20151594;8;20178190;mousse
13/07/2018;A1;PR;Exclos;NO;41;;;;;;;18;;;;;;;20151594;8;20178190;mousse
13/07/2018;A1;PR;Temoin;NE;7;;;;;;;19;;;;;;;20177055;4;10361668;mousse
13/07/2018;A1;PR;Temoin;SE;5;;;;;;;18;;;;;;;20177055;4;10361668;mousse
13/07/2018;A1;PR;Temoin;SO;6;;;;;;;13;;;;;;;20177055;4;10361668;mousse
13/07/2018;A1;PR;Temoin;NO;8;;;;;;;9;;;;;;;20177055;4;10361668;mousse
13/07/2018;B1;PR;Exclos;NE;33;;;;;;;;;;;;;;20177028;4;2023609;mousse
13/07/2018;B1;PR;Exclos;SE;32;;;;;;;;;;;;;;20177028;4;2023609;mousse
13/07/2018;B1;PR;Exclos;SO;31;;;;;;;;;;;;;;20177028;4;2023609;mousse
13/07/2018;B1;PR;Exclos;NO;30;;;;;;;;;;;;;;20177028;4;2023609;mousse
13/07/2018;B1;PR;Temoin;NE;15;;;;;;;23;;;;;;;20177039;7;10361671;mousse
13/07/2018;B1;PR;Temoin;SE;16;;;;;;;18;;;;;;;20177039;7;10361671;mousse
13/07/2018;B1;PR;Temoin;SO;17;;;;;;;16;;;;;;;20177039;7;10361671;mousse
13/07/2018;B1;PR;Temoin;NO;18;;;;;;;16;;;;;;;20177039;7;10361671;mousse
13/07/2018;C1;PR;Exclos;NE;13;;;;;;;28;;;;;;;20156701;8;2368268;mousse
13/07/2018;C1;PR;Exclos;SE;12;;;;;;;23;;;;;;;20156701;8;2368268;mousse
13/07/2018;C1;PR;Exclos;SO;36;;;;;;;28;;;;;;;20156701;8;2368268;mousse
13/07/2018;C1;PR;Exclos;NO;35;;;;;;;27;;;;;;;20156701;8;2368268;mousse
13/07/2018;C1;PR;Temoin;NE;38;;;;;;;18;;;;;;;20177045;7;10358257;mousse
13/07/2018;C1;PR;Temoin;SE;37;;;;;;;15;;;;;;;20177045;7;10358257;mousse
13/07/2018;C1;PR;Temoin;SO;9;;;;;;;22;;;;;;;20177045;7;10358257;mousse
13/07/2018;C1;PR;Temoin;NO;10;;;;;;;17;;;;;;;20177045;7;10358257;mousse
13/07/2018;D1;PR;Exclos;NE;44;;;;;;;11;;;;;;;20151597;6;10361673;mousse
13/07/2018;D1;PR;Exclos;SE;47;;;;;;;10;;;;;;;20151597;6;10361673;mousse
13/07/2018;D1;PR;Exclos;SO;46;;;;;;;9;;;;;;;20151597;6;10361673;mousse
13/07/2018;D1;PR;Exclos;NO;43;;;;;;;12;;;;;;;20151597;6;10361673;mousse
13/07/2018;D1;PR;Temoin;NE;2;;;;;;;10;;;;;;;20177023;5;23682955;mousse
13/07/2018;D1;PR;Temoin;SE;1;;;;;;;8;;;;;;;20177023;5;23682955;mousse
13/07/2018;D1;PR;Temoin;SO;49;;;;;;;10;;;;;;;20177023;5;23682955;mousse
13/07/2018;D1;PR;Temoin;NO;48;;;;;;;23;;;;;;;20177023;5;23682955;mousse
14/07/2018;H1;PO;Exclos;NE;22;;;;;;;13;;;;;;;20151608;7;20151588;terre
14/07/2018;H1;PO;Exclos;SE;24;;;;;;;24;;;;;;;20151608;7;20151588;terre
14/07/2018;H1;PO;Exclos;SO;25;;;;;;;16;;;;;;;20151608;7;20151588;terre
14/07/2018;H1;PO;Exclos;NO;23;;;;;;;4;;;;;;;20151608;7;20151588;terre
14/07/2018;H1;PO;Temoin;NE;27;;;;;;;11;;;;;;;20177044;5;20151607;mousse
14/07/2018;H1;PO;Temoin;SE;19;;;;;;;20;;;;;;;20177044;5;20151607;mousse
14/07/2018;H1;PO;Temoin;SO;20;;;;;;;23;;;;;;;20177044;5;20151607;mousse
14/07/2018;H1;PO;Temoin;NO;26;;;;;;;17;;;;;;;20177044;5;20151607;mousse
14/07/2018;G1;PO;Exclos;NE;282;;;;;;;11;;;;;;;20177040;6;10727388;mousse
14/07/2018;G1;PO;Exclos;SE;280;;;;;;;17;;;;;;;20177040;6;10727388;mousse
14/07/2018;G1;PO;Exclos;SO;279;;;;;;;13;;;;;;;20177040;6;10727388;mousse
14/07/2018;G1;PO;Exclos;NO;281;;;;;;;12;;;;;;;20177040;6;10727388;mousse
14/07/2018;G1;PO;Temoin;NE;284;;;;;;;22;;;;;;;2177047;5,5;20151594;mousse
14/07/2018;G1;PO;Temoin;SE;286;;;;;;;14;;;;;;;2177047;5,5;20151594;mousse
14/07/2018;G1;PO;Temoin;SO;285;;;;;;;0;;;;;;;2177047;5,5;20151594;mousse
14/07/2018;G1;PO;Temoin;NO;283;;;;;;;10;;;;;;;2177047;5,5;20151594;mousse
14/07/2018;F1;PO;Exclos;NE;260;;;;;;;23;;;;;;;20177046;7;10358247;mousse
14/07/2018;F1;PO;Exclos;SE;258;;;;;;;11;;;;;;;20177046;7;10358247;mousse
14/07/2018;F1;PO;Exclos;SO;259;;;;;;;13;;;;;;;20177046;7;10358247;mousse
14/07/2018;F1;PO;Exclos;NO;261;;;;;;;24;;;;;;;20177046;7;10358247;mousse
14/07/2018;F1;PO;Temoin;NE;275;;;;;;;18;;;;;;;20151611;6;20177023;terre
14/07/2018;F1;PO;Temoin;SE;274;;;;;;;18;;;;;;;20151611;6;20177023;terre
14/07/2018;F1;PO;Temoin;SO;276;;;;;;;20;;;;;;;20151611;6;20177023;terre
14/07/2018;F1;PO;Temoin;NO;277;;;;;;;25;;;;;;;20151611;6;20177023;terre
14/07/2018;E1;PO;Exclos;NE;266;;;;;;;23;;;;;;;10727378;8;2023605;mousse
14/07/2018;E1;PO;Exclos;SE;264;;;;;;;5;;;;;;;10727378;8;2023605;mousse
14/07/2018;E1;PO;Exclos;SO;263;;;;;;;25;;;;;;;10727378;8;2023605;mousse
14/07/2018;E1;PO;Exclos;NO;267;;;;;;;2;;;;;;;10727378;8;2023605;mousse
14/07/2018;E1;PO;Temoin;NE;271;;;;;;;13;;;;;;;20156682;7;10355251;mousse
14/07/2018;E1;PO;Temoin;SE;269;;;;;;;7;;;;;;;20156682;7;10355251;mousse
14/07/2018;E1;PO;Temoin;SO;268;;;;;;;20;;;;;;;20156682;7;10355251;mousse
14/07/2018;E1;PO;Temoin;NO;270;;;;;;;17;;;;;;;20156682;7;10355251;mousse
13/07/2018;ROC7;1;Exclos;NE;304;;;;;;;15;;;;;;;20145727;5;2368266;mousse
13/07/2018;ROC7;1;Exclos;SE;306;;;;;;;18;;;;;;;20145727;5;2368266;mousse
13/07/2018;ROC7;1;Exclos;SO;307;;;;;;;18;;;;;;;20145727;5;2368266;mousse
13/07/2018;ROC7;1;Exclos;NO;305;;;;;;;16;;;;;;;20145727;5;2368266;mousse
13/07/2018;ROC7;1;Temoin;NE;312;;;;;;;20;;;;;;;20156706;5;2368284;mousse
13/07/2018;ROC7;1;Temoin;SE;310;;;;;;;20;;;;;;;20156706;5;2368284;mousse
13/07/2018;ROC7;1;Temoin;SO;309;;;;;;;20;;;;;;;20156706;5;2368284;mousse
13/07/2018;ROC7;1;Temoin;NO;311;;;;;;;22;;;;;;;20156706;5;2368284;mousse
13/07/2018;ROC7;10;Exclos;NE;316;;;;;;;7;;;;;;;20151588;5;2023619;mousse
13/07/2018;ROC7;10;Exclos;SE;317;;;;;;;13;;;;;;;20151588;5;2023619;mousse
13/07/2018;ROC7;10;Exclos;SO;315;;;;;;;10;;;;;;;20151588;5;2023619;mousse
13/07/2018;ROC7;10;Exclos;NO;314;;;;;;;9;;;;;;;20151588;5;2023619;mousse
13/07/2018;ROC7;10;Temoin;NE;320;;;;;;;16;;;;;;;20156685;6;9754715;mousse
13/07/2018;ROC7;10;Temoin;SE;317;;;;;;;12;;;;;;;20156685;6;9754715;mousse
13/07/2018;ROC7;10;Temoin;SO;321;;;;;;;10;;;;;;;20156685;6;9754715;mousse
13/07/2018;ROC7;10;Temoin;NO;322;;;;;;;16;;;;;;;20156685;6;9754715;mousse
13/07/2018;ROC7;6;Exclos;NE;325;;;;;;;10;;;;;;;10727383;6;10361667;graminées
13/07/2018;ROC7;6;Exclos;SE;327;;;;;;;8;;;;;;;10727383;6;10361667;graminées
13/07/2018;ROC7;6;Exclos;SO;326;;;;;;;10;;;;;;;10727383;6;10361667;graminées
13/07/2018;ROC7;6;Exclos;NO;324;;;;;;;10;;;;;;;10727383;6;10361667;graminées
13/07/2018;ROC7;6;Temoin;NE;329;;;;;;;19;;;;;;;20145728;5;20177041;mousse
13/07/2018;ROC7;6;Temoin;SE;331;;;;;;;20;;;;;;;20145728;5;20177041;mousse
13/07/2018;ROC7;6;Temoin;SO;332;;;;;;;23;;;;;;;20145728;5;20177041;mousse
13/07/2018;ROC7;6;Temoin;NO;330;;;;;;;21;;;;;;;20145728;5;20177041;mousse
13/07/2018;ROC7;4;Exclos;NE;336;;;;;;;25;;;;;;;20156683;5;1010808;mousse
13/07/2018;ROC7;4;Exclos;SE;337;;;;;;;24;;;;;;;20156683;5;1010808;mousse
13/07/2018;ROC7;4;Exclos;SO;335;;;;;;;24;;;;;;;20156683;5;1010808;mousse
13/07/2018;ROC7;4;Exclos;NO;334;;;;;;;25;;;;;;;20156683;5;1010808;mousse
13/07/2018;ROC7;4;Temoin;NE;342;;;;;;;23;;;;;;;20156704;4;20172486;mousse et graminés
13/07/2018;ROC7;4;Temoin;SE;341;;;;;;;22;;;;;;;20156704;4;20172486;mousse et graminés
13/07/2018;ROC7;4;Temoin;SO;339;;;;;;;25;;;;;;;20156704;4;20172486;mousse et graminés
13/07/2018;ROC7;4;Temoin;NO;340;;;;;;;24;;;;;;;20156704;4;20172486;mousse et graminés
14/07/2018;ROC6;1;Exclos;NE;350;;;;;;;17;;;;;;;20156681;6;2368285;mousse et graminés
14/07/2018;ROC6;1;Exclos;SE;349;;;;;;;15;;;;;;;20156681;6;2368285;mousse et graminés
14/07/2018;ROC6;1;Exclos;SO;348;;;;;;;16;;;;;;;20156681;6;2368285;mousse et graminés
14/07/2018;ROC6;1;Exclos;NO;347;;;;;;;16;;;;;;;20156681;6;2368285;mousse et graminés
14/07/2018;ROC6;1;Temoin;NE;345;;;;;;;19;;;;;;;10122889;5;20177067;mousse
14/07/2018;ROC6;1;Temoin;SE;344;;;;;;;20;;;;;;;10122889;5;20177067;mousse
14/07/2018;ROC6;1;Temoin;SO;343;;;;;;;20;;;;;;;10122889;5;20177067;mousse
14/07/2018;ROC6;1;Temoin;NO;51;;;;;;;19;;;;;;;10122889;5;20177067;mousse
14/07/2018;ROC6;6;Exclos;NE;56;;;;;;;10;;;;;;;20141226;5;10358264;mousse et graminés
14/07/2018;ROC6;6;Exclos;SE;55;;;;;;;13;;;;;;;20141226;5;10358264;mousse et graminés
14/07/2018;ROC6;6;Exclos;SO;54;;;;;;;9;;;;;;;20141226;5;10358264;mousse et graminés
14/07/2018;ROC6;6;Exclos;NO;53;;;;;;;12;;;;;;;20141226;5;10358264;mousse et graminés
14/07/2018;ROC6;6;Temoin;NE;60;;;;;;;20;;;;;;;20156689;8;1191690;mousse
14/07/2018;ROC6;6;Temoin;SE;59;;;;;;;22;;;;;;;20156689;8;1191690;mousse
14/07/2018;ROC6;6;Temoin;SO;58;;;;;;;20;;;;;;;20156689;8;1191690;mousse
14/07/2018;ROC6;6;Temoin;NO;57;;;;;;;17;;;;;;;20156689;8;1191690;mousse
14/07/2018;ROC6;10;Exclos;NE;98;;;;;;;16;;;;;;;20156707;4;10347278;lichen
14/07/2018;ROC6;10;Exclos;SE;97;;;;;;;17;;;;;;;20156707;4;10347278;lichen
14/07/2018;ROC6;10;Exclos;SO;96;;;;;;;20;;;;;;;20156707;4;10347278;lichen
14/07/2018;ROC6;10;Exclos;NO;95;;;;;;;19;;;;;;;20156707;4;10347278;lichen
14/07/2018;ROC6;10;Temoin;NE;93;;;;;;;20;;;;;;;20156686;5;20153863;mousse
14/07/2018;ROC6;10;Temoin;SE;92;;;;;;;20;;;;;;;20156686;5;20153863;mousse
14/07/2018;ROC6;10;Temoin;SO;91;;;;;;;20;;;;;;;20156686;5;20153863;mousse
14/07/2018;ROC6;10;Temoin;NO;90;;;;;;;21;;;;;;;20156686;5;20153863;mousse
14/07/2018;ROC6;4;Exclos;NE;65;;;;;;;19;;;;;;;20156709;5;10169520;graminées
14/07/2018;ROC6;4;Exclos;SE;64;;;;;;;23;;;;;;;20156709;5;10169520;graminées
14/07/2018;ROC6;4;Exclos;SO;63;;;;;;;22;;;;;;;20156709;5;10169520;graminées
14/07/2018;ROC6;4;Exclos;NO;62;;;;;;;20;;;;;;;20156709;5;10169520;graminées
14/07/2018;ROC6;4;Temoin;NE;69;;;;;;;20;;;;;;;20151595;7;1180101;mousse
14/07/2018;ROC6;4;Temoin;SE;68;;;;;;;21;;;;;;;20151595;7;1180101;mousse
14/07/2018;ROC6;4;Temoin;SO;67;;;;;;;21;;;;;;;20151595;7;1180101;mousse
14/07/2018;ROC6;4;Temoin;NO;66;;;;;;;21;;;;;;;20151595;7;1180101;mousse
14/07/2018;ROC6;14;Exclos;NE;87;;;;;;;15;;;;;;;20156690;9;10358255;graminées
14/07/2018;ROC6;14;Exclos;SE;86;;;;;;;11;;;;;;;20156690;9;10358255;graminées
14/07/2018;ROC6;14;Exclos;SO;85;;;;;;;5;;;;;;;20156690;9;10358255;graminées
14/07/2018;ROC6;14;Exclos;NO;84;;;;;;;4;;;;;;;20156690;9;10358255;graminées
14/07/2018;ROC6;14;Temoin;NE;74;;;;;;;18;;;;;;;20156712;4;2368269;mousse
14/07/2018;ROC6;14;Temoin;SE;73;;;;;;;22;;;;;;;20156712;4;2368269;mousse
14/07/2018;ROC6;14;Temoin;SO;72;;;;;;;20;;;;;;;20156712;4;2368269;mousse
14/07/2018;ROC6;14;Temoin;NO;71;;;;;;;20;;;;;;;20156712;4;2368269;mousse
14/07/2018;ROC8;14;Exclos;NE;445;;;;;;;18;;;;;;;20156688;8;20178200;graminées
14/07/2018;ROC8;14;Exclos;SE;444;;;;;;;20;;;;;;;20156688;8;20178200;graminées
14/07/2018;ROC8;14;Exclos;SO;443;;;;;;;17;;;;;;;20156688;8;20178200;graminées
14/07/2018;ROC8;14;Exclos;NO;442;;;;;;;14;;;;;;;20156688;8;20178200;graminées
14/07/2018;ROC8;14;Temoin;NE;440;;;;;;;17;;;;;;;20156687;6;10169524;mousse et graminées
14/07/2018;ROC8;14;Temoin;SE;439;;;;;;;18;;;;;;;20156687;6;10169524;mousse et graminées
14/07/2018;ROC8;14;Temoin;SO;438;;;;;;;20;;;;;;;20156687;6;10169524;mousse et graminées
14/07/2018;ROC8;14;Temoin;NO;437;;;;;;;18;;;;;;;20156687;6;10169524;mousse et graminées
14/07/2018;ROC8;1;Exclos;NE;82;;;;;;;16;;;;;;;20141229;5;2023621;
14/07/2018;ROC8;1;Exclos;SE;81;;;;;;;16;;;;;;;20141229;5;2023621;
14/07/2018;ROC8;1;Exclos;SO;80;;;;;;;16;;;;;;;20141229;5;2023621;
14/07/2018;ROC8;1;Exclos;NO;79;;;;;;;17;;;;;;;20141229;5;2023621;
14/07/2018;ROC8;1;Temoin;NE;450;;;;;;;18;;;;;;;20156708;7;2368267;mousse
14/07/2018;ROC8;1;Temoin;SE;449;;;;;;;18;;;;;;;20156708;7;2368267;mousse
14/07/2018;ROC8;1;Temoin;SO;448;;;;;;;21;;;;;;;20156708;7;2368267;mousse
14/07/2018;ROC8;1;Temoin;NO;447;;;;;;;22;;;;;;;20156708;7;2368267;mousse
14/07/2018;ROC8;6;Exclos;NE;435;;;;;;;20;;;;;;;20156684;6;20178177;graminées
14/07/2018;ROC8;6;Exclos;SE;434;;;;;;;21;;;;;;;20156684;6;20178177;graminées
14/07/2018;ROC8;6;Exclos;SO;433;;;;;;;20;;;;;;;20156684;6;20178177;graminées
14/07/2018;ROC8;6;Exclos;NO;432;;;;;;;20;;;;;;;20156684;6;20178177;graminées
14/07/2018;ROC8;6;Temoin;NE;405;;;;;;;17;;;;;;;20156713;5;2368290;mousse et graminées
14/07/2018;ROC8;6;Temoin;SE;404;;;;;;;17;;;;;;;20156713;5;2368290;mousse et graminées
14/07/2018;ROC8;6;Temoin;SO;403;;;;;;;20;;;;;;;20156713;5;2368290;mousse et graminées
14/07/2018;ROC8;6;Temoin;NO;402;;;;;;;20;;;;;;;20156713;5;2368290;mousse et graminées
14/07/2018;ROC8;10;Exclos;NE;410;;;;;;;10;;;;;;;20156516;5;10358258;graminées
14/07/2018;ROC8;10;Exclos;SE;409;;;;;;;15;;;;;;;20156516;5;10358258;graminées
14/07/2018;ROC8;10;Exclos;SO;408;;;;;;;17;;;;;;;20156516;5;10358258;graminées
14/07/2018;ROC8;10;Exclos;NO;407;;;;;;;20;;;;;;;20156516;5;10358258;graminées
14/07/2018;ROC8;10;Temoin;NE;426;;;;;;;20;;;;;;;20156714;5;10355247;mousse
14/07/2018;ROC8;10;Temoin;SE;425;;;;;;;26;;;;;;;20156714;5;10355247;mousse
14/07/2018;ROC8;10;Temoin;SO;424;;;;;;;25;;;;;;;20156714;5;10355247;mousse
14/07/2018;ROC8;10;Temoin;NO;423;;;;;;;22;;;;;;;20156714;5;10355247;mousse
14/07/2018;ROC8;4;Exclos;NE;421;;;;;;;22;;;;;;;20156705;7;10358248;graminées
14/07/2018;ROC8;4;Exclos;SE;420;;;;;;;21;;;;;;;20156705;7;10358248;graminées
14/07/2018;ROC8;4;Exclos;SO;419;;;;;;;23;;;;;;;20156705;7;10358248;graminées
14/07/2018;ROC8;4;Exclos;NO;418;;;;;;;21;;;;;;;20156705;7;10358248;graminées
14/07/2018;ROC8;4;Temoin;NE;416;;;;;;;18;;;;;;;20156765;6;10358252;mousse
14/07/2018;ROC8;4;Temoin;SE;415;;;;;;;16;;;;;;;20156765;6;10358252;mousse
14/07/2018;ROC8;4;Temoin;SO;414;;;;;;;17;;;;;;;20156765;6;10358252;mousse
14/07/2018;ROC8;4;Temoin;NO;413;;;;;;;19;;;;;;;20156765;6;10358252;mousse
14/07/2018;37;PS;Exclos;;;;;;;;;16;;;;;;;2023601;5;;graminées
14/07/2018;37;PS;Exclos;;;;;;;;;16;;;;;;;2023601;5;;graminées
14/07/2018;37;PS;Exclos;;;;;;;;;21;;;;;;;2023601;5;;graminées
14/07/2018;37;PS;Exclos;;;;;;;;;18;;;;;;;2023601;5;;graminées
14/07/2018;37;PS;Temoin;;;;;;;;;25;;;;;;;20151582;4;;mousse
14/07/2018;37;PS;Temoin;;;;;;;;;24;;;;;;;20151582;4;;mousse
14/07/2018;37;PS;Temoin;;;;;;;;;24;;;;;;;20151582;4;;mousse
14/07/2018;37;PS;Temoin;;;;;;;;;23;;;;;;;20151582;4;;mousse
14/07/2018;36;PS;Exclos;NE;357;;;;;;;23;;;;;;;20151589;6;10358253;graminées
14/07/2018;36;PS;Exclos;SE;358;;;;;;;23;;;;;;;20151589;6;10358253;graminées
14/07/2018;36;PS;Exclos;SO;360;;;;;;;22;;;;;;;20151589;6;10358253;graminées
14/07/2018;36;PS;Exclos;NO;359;;;;;;;22;;;;;;;20151589;6;10358253;graminées
14/07/2018;36;PS;Temoin;NE;355;;;;;;;27;;;;;;;20151599;6;2023593;mousse
14/07/2018;36;PS;Temoin;SE;354;;;;;;;28;;;;;;;20151599;6;2023593;mousse
14/07/2018;36;PS;Temoin;SO;352;;;;;;;27;;;;;;;20151599;6;2023593;mousse
14/07/2018;36;PS;Temoin;NO;353;;;;;;;30;;;;;;;20151599;6;2023593;mousse
14/07/2018;35;PS;Exclos;NE;367;;;;;;;16;;;;;;;10727386;7;1182116;mousse et graminées
14/07/2018;35;PS;Exclos;SE;370;;;;;;;18;;;;;;;10727386;7;1182116;mousse et graminées
14/07/2018;35;PS;Exclos;SO;369;;;;;;;14;;;;;;;10727386;7;1182116;mousse et graminées
14/07/2018;35;PS;Exclos;NO;368;;;;;;;20;;;;;;;10727386;7;1182116;mousse et graminées
14/07/2018;35;PS;Temoin;NE;365;;;;;;;27;;;;;;;20151593;5;20178187;mousse
14/07/2018;35;PS;Temoin;SE;364;;;;;;;24;;;;;;;20151593;5;20178187;mousse
14/07/2018;35;PS;Temoin;SO;362;;;;;;;24;;;;;;;20151593;5;20178187;mousse
14/07/2018;35;PS;Temoin;NO;363;;;;;;;24;;;;;;;20151593;5;20178187;mousse
14/07/2018;33;PS;Exclos;NE;375;;;;;;;11;;;;;;;20151587;7;20178183;mousse
14/07/2018;33;PS;Exclos;SE;373;;;;;;;11;;;;;;;20151587;7;20178183;mousse
14/07/2018;33;PS;Exclos;SO;372;;;;;;;7;;;;;;;20151587;7;20178183;mousse
14/07/2018;33;PS;Exclos;NO;374;;;;;;;17;;;;;;;20151587;7;20178183;mousse
14/07/2018;33;PS;Temoin;NE;377;;;;;;;24;;;;;;;20151591;4;2023588;mousse
14/07/2018;33;PS;Temoin;SE;379;;;;;;;25;;;;;;;20151591;4;2023588;mousse
14/07/2018;33;PS;Temoin;SO;380;;;;;;;26;;;;;;;20151591;4;2023588;mousse
14/07/2018;33;PS;Temoin;NO;378;;;;;;;25;;;;;;;20151591;4;2023588;mousse
14/07/2018;56;PH;Exclos;;;;;;;;;20;;;;;;;20151584;5;20177065;mousse
14/07/2018;56;PH;Exclos;;;;;;;;;21;;;;;;;20151584;5;20177065;mousse
14/07/2018;56;PH;Exclos;;;;;;;;;22;;;;;;;20151584;5;20177065;mousse
14/07/2018;56;PH;Exclos;;;;;;;;;25;;;;;;;20151584;5;20177065;mousse
14/07/2018;56;PH;Temoin;;;;;;;;;28;;;;;;;20151606;4;2368278;mousse
14/07/2018;56;PH;Temoin;;;;;;;;;30;;;;;;;20151606;4;2368278;mousse
14/07/2018;56;PH;Temoin;;;;;;;;;30;;;;;;;20151606;4;2368278;mousse
14/07/2018;56;PH;Temoin;;;;;;;;;30;;;;;;;20151606;4;2368278;mousse
14/07/2018;57;PH;Exclos;;;;;;;;;18;;;;;;;2023594;5;2368292;mousse
14/07/2018;57;PH;Exclos;;;;;;;;;23;;;;;;;2023594;5;2368292;mousse
14/07/2018;57;PH;Exclos;;;;;;;;;23;;;;;;;2023594;5;2368292;mousse
14/07/2018;57;PH;Exclos;;;;;;;;;17;;;;;;;2023594;5;2368292;mousse
14/07/2018;57;PH;Temoin;;;;;;;;;23;;;;;;;20223618;4;2023603;mousse
14/07/2018;57;PH;Temoin;;;;;;;;;23;;;;;;;20223618;4;2023603;mousse
14/07/2018;57;PH;Temoin;;;;;;;;;30;;;;;;;20223618;4;2023603;mousse
14/07/2018;57;PH;Temoin;;;;;;;;;22;;;;;;;20223618;4;2023603;mousse
16/07/2018;ROC3;1;Exclos;NE;452;13,3;8,1;6,38;mineral;31,2;9,5;22;-35;;;;;;10169521;4;20151595;mousse et graminées
16/07/2018;ROC3;1;Exclos;SE;455;13,3;12,8;6,56;mineral;41;13,4;24;-21;;;;;;10169521;4;20151595;mousse et graminées
16/07/2018;ROC3;1;Exclos;SO;454;12,8;7,4;6,05;mineral;31,8;12;23;-33;;;;;;10169521;4;20151595;mousse et graminées
16/07/2018;ROC3;1;Exclos;NO;451;13;8,8;6,07;mineral;35,7;11,8;21;-24;;;;;;10169521;4;20151595;mousse et graminées
16/07/2018;ROC3;1;Temoin;NE;459;12,7;8;6,14;mineral;70,8;10,7;25;;;;;;;1010815;4;20156709;mousse
16/07/2018;ROC3;1;Temoin;SE;456;12,5;8,4;6,59;mineral;62,5;10,2;27;;;;;;;1010815;4;20156709;mousse
16/07/2018;ROC3;1;Temoin;SO;457;12,1;7,8;6,24;mineral;67,7;10,9;25;;;;;;;1010815;4;20156709;mousse
16/07/2018;ROC3;1;Temoin;NO;458;12;10;6,12;mineral;65,2;11,6;25;;;;;;;1010815;4;20156709;mousse
16/07/2018;ROC3;10;Exclos;NE;465;11,8;2;7,62;mineral;28,5;8,9;9;-38;;;;;;20156711;5;20177046;mousse
16/07/2018;ROC3;10;Exclos;SE;461;11,6;1;6,91;mineral;30,8;9,6;8;-32;;;;;;20156711;5;20177046;mousse
16/07/2018;ROC3;10;Exclos;SO;462;11,6;2,8;7,23;mineral;12,3;8,7;9;-159;;;;;;20156711;5;20177046;mousse
16/07/2018;ROC3;10;Exclos;NO;464;11,5;0,5;7,59;mineral;28,5;8,9;10;-38;;;;;;20156711;5;20177046;mousse
16/07/2018;ROC3;10;Temoin;NE;470;11,6;1,2;6,78;mineral;29,7;9,3;18;-23;;;;;;1182120;4;20141227;mousse
16/07/2018;ROC3;10;Temoin;SE;467;11,5;1,7;6,87;mineral;49,3;10,5;20;-13;;;;;;1182120;4;20141227;mousse
16/07/2018;ROC3;10;Temoin;SO;468;11,6;2,9;6,88;mineral;62,9;11,3;17;-3;;;;;;1182120;4;20141227;mousse
16/07/2018;ROC3;10;Temoin;NO;469;11,4;2,8;6,62;mineral;63,8;8,9;17;-3;;;;;;1182120;4;20141227;mousse
16/07/2018;ROC3;6;Exclos;NE;488;11,6;7,7;6,14;mineral;59,7;10,1;23;2;;;;;;20151590;6;20151595;graminées
16/07/2018;ROC3;6;Exclos;SE;489;11,5;6,1;6,06;mineral;61,6;8,4;21;0;;;;;;20151590;6;20151595;graminées
16/07/2018;ROC3;6;Exclos;SO;487;11,6;9,9;5,86;mineral;69;13;24;-1;;;;;;20151590;6;20151595;graminées
16/07/2018;ROC3;6;Exclos;NO;381;11,8;7,2;6,1;mineral;69,1;11,3;24;-2;;;;;;20151590;6;20151595;graminées
16/07/2018;ROC3;6;Temoin;NE;383;11,6;9,3;6,22;mineral;66,1;11,3;26;1;;;;;;10727380;6;20156708;mousse et graminées
16/07/2018;ROC3;6;Temoin;SE;382;11,6;8,1;6,54;mineral;73,8;12,6;25;3;;;;;;10727380;6;20156708;mousse et graminées
16/07/2018;ROC3;6;Temoin;SO;386;11,4;7,4;6,23;mineral;62,2;11;24;-1;;;;;;10727380;6;20156708;mousse et graminées
16/07/2018;ROC3;6;Temoin;NO;385;11,5;8,1;6,39;mineral;69,9;11,5;26;0;;;;;;10727380;6;20156708;mousse et graminées
16/07/2018;ROC3;4;Exclos;NE;484;11,5;7,5;6,37;mineral;32,7;10,2;17;-34;;;;;;10358262;4;20151611;mousse
16/07/2018;ROC3;4;Exclos;SE;485;11,3;6;7,28;mineral;40,1;9,6;14;-23;;;;;;10358262;4;20151611;mousse
16/07/2018;ROC3;4;Exclos;SO;483;11,4;4,7;6,89;mineral;19,7;7,9;14;-81;;;;;;10358262;4;20151611;mousse
16/07/2018;ROC3;4;Exclos;NO;482;11,3;5,9;6,35;mineral;13,5;7,3;8;-143;;;;;;10358262;4;20151611;mousse
16/07/2018;ROC3;4;Temoin;NE;480;11,3;7,2;6,23;mineral;65,2;8,1;20;-4;;;;;;20151596;4;20156712;mousse
16/07/2018;ROC3;4;Temoin;SE;481;11,4;8,6;6,36;mineral;71,7;9,2;20;0;;;;;;20151596;4;20156712;mousse
16/07/2018;ROC3;4;Temoin;SO;479;11,4;6,1;6,06;mineral;51,4;8,7;21;-12;;;;;;20151596;4;20156712;mousse
16/07/2018;ROC3;4;Temoin;NO;478;11,3;8;6,34;mineral;59,6;9,5;20;-9;;;;;;20151596;4;20156712;mousse
16/07/2018;ROC3;14;Exclos;NE;494;11,1;0,9;4,7;mineral;1,8;8,3;1;TD;;;;;;20177050;4;20151591;graminées
16/07/2018;ROC3;14;Exclos;SE;496;11,2;2,1;5,3;mineral;0,4;9,9;1;TD;;;;;;20177050;4;20151591;graminées
16/07/2018;ROC3;14;Exclos;SO;495;11,2;1,3;5,81;mineral;0,9;9,9;4;TD;;;;;;20177050;4;20151591;graminées
16/07/2018;ROC3;14;Exclos;NO;493;11,2;0,8;4,85;mineral;2,1;8,5;1;TD;;;;;;20177050;4;20151591;graminées
16/07/2018;ROC3;14;Temoin;NE;498;11,2;0,8;4,94;mineral;3;8,8;5;TD;;;;;;20177057;5;20177045;graminées
16/07/2018;ROC3;14;Temoin;SE;491;11,3;1;5,83;mineral;18,5;12,5;5;-53;;;;;;20177057;5;20177045;graminées
16/07/2018;ROC3;14;Temoin;SO;492;11,5;1,3;6,28;mineral;13,3;11,2;6;-117;;;;;;20177057;5;20177045;graminées
16/07/2018;ROC3;14;Temoin;NO;499;11,6;1,7;6,08;mineral;10,2;10,2;8;-178;;;;;;20177057;5;20177045;graminées
17/07/2018;ROC7;1;Exclos;NE;304;;7,9;6,53;mineral;39,9;16,7;19;;8;;;;;;;;
17/07/2018;ROC7;1;Exclos;SE;306;;11,3;6,51;mineral;65;16,5;17;;6;;;;;;;;
17/07/2018;ROC7;1;Exclos;SO;307;;11,5;6,04;mineral;60;16,6;17;;8;;;;;;;;
17/07/2018;ROC7;1;Exclos;NO;305;;11,3;6,29;mineral;65,1;13,6;19;;10;;;;;;;;
17/07/2018;ROC7;1;Temoin;NE;312;;14,5;6,76;mineral;76,2;18,7;20;;6;;;;;;;;
17/07/2018;ROC7;1;Temoin;SE;310;;13,6;6,87;mineral;69,8;18,3;21;;5;;;;;;;;
17/07/2018;ROC7;1;Temoin;SO;309;;12,6;6,63;mineral;75,2;17,6;21;;5;;;;;;;;
17/07/2018;ROC7;1;Temoin;NO;311;;13,2;6,49;mineral;74,5;18,6;21;;5;;;;;;;;
17/07/2018;ROC7;10;Exclos;NE;320;;4,2;6,41;mineral;18,4;12,7;6;;7;;;;;;;;
17/07/2018;ROC7;10;Exclos;SE;319;;8;5,9;mineral;49;10,5;8;;7;;;;;;;;
17/07/2018;ROC7;10;Exclos;SO;321;;5,7;6,24;mineral;67,7;9,6;9;;10;;;;;;;;
17/07/2018;ROC7;10;Exclos;NO;322;;8,5;5,83;mineral;43,1;9,7;2;;9;;;;;;;;
17/07/2018;ROC7;10;Temoin;NE;316;;6,6;6,06;mineral;71,9;12,9;16;;6;;;;;;;;
17/07/2018;ROC7;10;Temoin;SE;317;;5,1;5,27;mineral;73,2;10,3;12;;7;;;;;;;;
17/07/2018;ROC7;10;Temoin;SO;315;;3,7;4,6;mineral;64;8,2;13;;5;;;;;;;;
17/07/2018;ROC7;10;Temoin;NO;314;;5,7;5,2;mineral;74,3;10,4;18;;6;;;;;;;;
17/07/2018;ROC7;6;Exclos;NE;329;;8,9;5,12;mineral;32,1;9;1;;6;;;;;;;;
17/07/2018;ROC7;6;Exclos;SE;331;;8,6;5,8;mineral;24,2;11,6;2;;9;;;;;;;;
17/07/2018;ROC7;6;Exclos;SO;332;;11,1;4,84;mineral;35,1;11,8;0;;7;;;;;;;;
17/07/2018;ROC7;6;Exclos;NO;330;;7,4;4,46;mineral;36,1;14,1;4;;6;;;;;;;;
17/07/2018;ROC7;6;Temoin;NE;325;;8,6;6,57;mineral;74,7;13,8;19;;5;;;;;;;;
17/07/2018;ROC7;6;Temoin;SE;327;;8,2;6,56;mineral;72,6;15,3;20;;5;;;;;;;;
17/07/2018;ROC7;6;Temoin;SO;326;;9,9;6,59;mineral;71,6;12,7;23;;8;;;;;;;;
17/07/2018;ROC7;6;Temoin;NO;324;;11,2;6,43;mineral;75,2;15,7;20;;7;;;;;;;;
17/07/2018;ROC7;4;Exclos;NE;336;;18;6,25;mineral;75,9;18,1;23;;9;;;;;;;;
17/07/2018;ROC7;4;Exclos;SE;337;;9,6;6,01;mineral;75,5;12,8;23;;10;;;;;;;;
17/07/2018;ROC7;4;Exclos;SO;335;;8,7;6,05;mineral;75,6;11,3;20;;9;;;;;;;;
17/07/2018;ROC7;4;Exclos;NO;334;;12,8;5,93;mineral;76,2;15,8;25;;8;;;;;;;;
17/07/2018;ROC7;4;Temoin;NE;342;;13,1;6,51;mineral;74,8;19,8;23;;9;;;;;;;;
17/07/2018;ROC7;4;Temoin;SE;341;;10,7;6,08;mineral;75,9;17,2;25;;7;;;;;;;;
17/07/2018;ROC7;4;Temoin;SO;339;;11,2;6,35;mineral;76,5;11,1;24;;7;;;;;;;;
17/07/2018;ROC7;4;Temoin;NO;340;;12,2;5,8;mineral;76,5;16;26;;6;;;;;;;;
17/07/2018;ROC7;14;Exclos;NE;301;;7,8;6,55;mineral;47;12,1;20;;13;;;;;;;;
17/07/2018;ROC7;14;Exclos;SE;302;;11,3;6,22;mineral;21,8;13,9;19;;13;;;;;;;;
17/07/2018;ROC7;14;Exclos;SO;122;;12,5;6,5;mineral;64,1;15,8;23;;11;;;;;;;;
17/07/2018;ROC7;14;Exclos;NO;105;;12;6,24;mineral;42,8;14,2;25;;10;;;;;;;;
17/07/2018;ROC7;14;Temoin;NE;683;;6,7;6,03;mineral;71,1;11,1;20;;9;;;;;;;;
17/07/2018;ROC7;14;Temoin;SE;114;;6,3;6,22;mineral;73,4;10,2;18;;10;;;;;;;;
17/07/2018;ROC7;14;Temoin;SO;132;;6,6;6,37;mineral;78,5;9,7;18;;6;;;;;;;;
17/07/2018;ROC7;14;Temoin;NO;143;;10;6,33;mineral;73,3;14,4;19;;6;;;;;;;;
17/07/2018;ROC8;14;Exclos;NE;445;;7,8;6,43;mineral;33,3;13,9;23;;;;;;;;;;
17/07/2018;ROC8;14;Exclos;SE;444;;5,9;6,63;mineral;47,5;12,4;20;;;;;;;;;;
17/07/2018;ROC8;14;Exclos;SO;443;;6,4;6,76;mineral;27,5;13,2;20;;;;;;;;;;
17/07/2018;ROC8;14;Exclos;NO;442;;9,4;5,52;mineral;35,2;15,2;16;;;;;;;;;;
17/07/2018;ROC8;14;Temoin;NE;440;;8,1;6,75;mineral;73,9;12,6;22;;;;;;;;;;
17/07/2018;ROC8;14;Temoin;SE;439;;7,8;7;mineral;56,2;12,5;20;;;;;;;;;;
17/07/2018;ROC8;14;Temoin;SO;438;;7,9;6,64;mineral;68,2;10,4;20;;;;;;;;;;
17/07/2018;ROC8;14;Temoin;NO;437;;8,5;6,42;mineral;74;12,2;21;;;;;;;;;;
17/07/2018;ROC8;1;Exclos;NE;82;;8,4;7,1;mineral;54,1;12,4;19;;;;;;;;;;
17/07/2018;ROC8;1;Exclos;SE;81;;8,6;7,36;mineral;69,1;11,5;20;;;;;;;;;;
17/07/2018;ROC8;1;Exclos;SO;80;;8,8;6,83;mineral;59,6;11,3;18;;;;;;;;;;
17/07/2018;ROC8;1;Exclos;NO;79;;8,7;7,09;mineral;46,3;11,7;18;;;;;;;;;;
17/07/2018;ROC8;1;Temoin;NE;450;;9,8;7,06;mineral;75,1;13,3;21;;;;;;;;;;
17/07/2018;ROC8;1;Temoin;SE;449;;10,1;6,83;mineral;64,7;13,4;23;;;;;;;;;;
17/07/2018;ROC8;1;Temoin;SO;448;;11,5;6,38;mineral;76,1;15,3;24;;;;;;;;;;
17/07/2018;ROC8;1;Temoin;NO;447;;11;6,76;mineral;74,7;14,6;20;;;;;;;;;;
17/07/2018;ROC8;6;Exclos;NE;435;;7,4;6,62;mineral;52,8;11,4;23;;;;;;;;;;
17/07/2018;ROC8;6;Exclos;SE;434;;7;7,06;mineral;67,8;9,4;24;;;;;;;;;;
17/07/2018;ROC8;6;Exclos;SO;433;;7,8;6,75;mineral;74,6;11,8;20;;;;;;;;;;
17/07/2018;ROC8;6;Exclos;NO;432;;7,3;6,81;mineral;50;13,3;22;;;;;;;;;;
17/07/2018;ROC8;6;Temoin;NE;405;;9,9;7,01;mineral;75,3;13,6;22;;;;;;;;;;
17/07/2018;ROC8;6;Temoin;SE;404;;9,8;6,83;mineral;73,3;12,5;20;;;;;;;;;;
17/07/2018;ROC8;6;Temoin;SO;403;;11,7;6,49;mineral;73,5;13,8;23;;;;;;;;;;
17/07/2018;ROC8;6;Temoin;NO;402;;10,7;6,48;mineral;68,4;16,2;22;;;;;;;;;;
17/07/2018;ROC8;10;Exclos;NE;410;;10,3;7,13;mineral;21;12,5;19;;;;;;;;;;
17/07/2018;ROC8;10;Exclos;SE;409;;12;6,99;mineral;77;14,1;14;;;;;;;;;;
17/07/2018;ROC8;10;Exclos;SO;408;;12,9;6,8;mineral;60;16,2;22;;;;;;;;;;
17/07/2018;ROC8;10;Exclos;NO;407;;8,4;7,4;mineral;31,9;9,9;19;;;;;;;;;;
17/07/2018;ROC8;10;Temoin;NE;426;;8,6;7,01;mineral;57,9;13,7;27;;;;;;;;;;
17/07/2018;ROC8;10;Temoin;SE;425;;10,5;7,72;mineral;68,7;12,3;25;;;;;;;;;;
17/07/2018;ROC8;10;Temoin;SO;424;;8,8;7,25;mineral;62,7;13,3;22;;;;;;;;;;
17/07/2018;ROC8;10;Temoin;NO;423;;9,5;7,02;mineral;73,1;13,9;23;;;;;;;;;;
17/07/2018;ROC8;4;Exclos;NE;421;;10,1;6,76;mineral;57,9;15,4;22;;4;;;;;;;;
17/07/2018;ROC8;4;Exclos;SE;420;;9;6,99;mineral;53,7;12,1;22;;4;;;;;;;;
17/07/2018;ROC8;4;Exclos;SO;419;;9,4;7,15;mineral;54,6;11,9;21;;4;;;;;;;;
17/07/2018;ROC8;4;Exclos;NO;418;;10;6,87;mineral;67,7;12,3;22;;4;;;;;;;;
17/07/2018;ROC8;4;Temoin;NE;416;;10,6;7,42;mineral;71,5;15,4;22;;6;;;;;;;;
17/07/2018;ROC8;4;Temoin;SE;415;;10,7;7,56;mineral;71,9;12,3;23;;6;;;;;;;;
17/07/2018;ROC8;4;Temoin;SO;414;;11,7;7,08;mineral;67,2;14,9;23;;6;;;;;;;;
17/07/2018;ROC8;4;Temoin;NO;413;;12,4;6,92;mineral;71,4;15;23;;6;;;;;;;;
17/07/2018;43;PAS;Exclos;NE;154;;3,5;4,75;mineral;29;10,2;12;;;;;;;;;;
17/07/2018;43;PAS;Exclos;SE;150;;6,7;4,59;mineral;54,1;11,5;8;;;;;;;;;;
17/07/2018;43;PAS;Exclos;SO;120;;9,9;4,77;mineral;18;12,6;16;;;;;;;;;;
17/07/2018;43;PAS;Exclos;NO;102;;3,1;4,63;mineral;23,2;9,8;15;;;;;;;;;;
17/07/2018;43;PAS;Temoin;NE;104;;8,7;4,97;mineral;62,8;11,9;15;;;;;;;;;;
17/07/2018;43;PAS;Temoin;SE;145;;6,8;4,8;mineral;63,2;12,3;18;;;;;;;;;;
17/07/2018;43;PAS;Temoin;SO;118;;7;4,87;mineral;58,4;10,9;18;;;;;;;;;;
17/07/2018;43;PAS;Temoin;NO;144;;6,3;4,92;mineral;58,9;11,2;21;;;;;;;;;;
17/07/2018;26;PAS;Exclos;NE;112;;5,1;5,31;mineral;29,2;14,9;9;;;;;;;;;;
17/07/2018;26;PAS;Exclos;SE;210;;6,2;5,78;mineral;15,4;12,5;10;;;;;;;;;;
17/07/2018;26;PAS;Exclos;SO;123;;12,5;5,82;mineral;16,9;14,3;12;;;;;;;;;;
17/07/2018;26;PAS;Exclos;NO;127 ou 172;;4,9;5,56;mineral;53,1;12,6;5;;;;;;;;;;
17/07/2018;26;PAS;Temoin;NE;115;;8,6;5,35;mineral;28;11,8;10;;;;;;;;;;
17/07/2018;26;PAS;Temoin;SE;103;;6,3;5,61;mineral;36,7;13,5;10;;;;;;;;;;
17/07/2018;26;PAS;Temoin;SO;106;;5,7;5,73;mineral;40,5;12,6;8;;;;;;;;;;
17/07/2018;26;PAS;Temoin;NO;224;;6,1;5,24;mineral;44,5;12;6;;;;;;;;;;
18/07/2018;H1;PO;Exclos;NE;22;20,9;6,8;6,36;mineral;27,1;11,3;16;;;;;;;;;;
18/07/2018;H1;PO;Exclos;SE;24;20,6;7;6,73;mineral;23,6;11,1;18;;;;;;;;;;
18/07/2018;H1;PO;Exclos;SO;25;20;6,4;6,42;mineral;22,2;11,3;17;;;;;;;;;;
18/07/2018;H1;PO;Exclos;NO;23;20,4;8,6;5,99;mineral;22,1;12,1;17;;;;;;;;;;
18/07/2018;H1;PO;Temoin;NE;27;21,3;5,4;5,53;mineral;13;12,6;20;;;;;;;;;;
18/07/2018;H1;PO;Temoin;SE;19;21,5;4,4;5,48;mineral;24,7;12;20;;;;;;;;;;
18/07/2018;H1;PO;Temoin;SO;20;21,5;9,6;5,53;mineral;10,6;13,4;13;;;;;;;;;;
18/07/2018;H1;PO;Temoin;NO;26;21;9,8;5,21;mineral;20,2;12,6;27;;;;;;;;;;
18/07/2018;G1;PO;Exclos;NE;282;17,5;7;6,08;mineral;22,4;12,8;22;;;;;;;;;;
18/07/2018;G1;PO;Exclos;SE;280;17,5;9,3;5,82;mineral;5,2;14,2;13;;;;;;;;;;
18/07/2018;G1;PO;Exclos;SO;279;17,6;7,9;6,1;mineral;10,4;14,1;14;;;;;;;;;;
18/07/2018;G1;PO;Exclos;NO;281;17,6;7,6;6,7;mineral;15,4;14,2;19;;;;;;;;;;
18/07/2018;G1;PO;Temoin;NE;284;16,9;8,5;5,76;mineral;6,2;19;25;;;;;;;;;;
18/07/2018;G1;PO;Temoin;SE;286;17,1;7,2;5,79;mineral;9,2;15,9;22;;;;;;;;;;
18/07/2018;G1;PO;Temoin;SO;285;17,1;5,9;6,32;mineral;11,7;14,4;12;;;;;;;;;;
18/07/2018;G1;PO;Temoin;NO;283;17,1;6,6;6,34;mineral;10,9;16;19;;;;;;;;;;
18/07/2018;F1;PO;Exclos;NE;260;19,5;9;6,21;mineral;18,6;16,7;25;;;;;;;;;;
18/07/2018;F1;PO;Exclos;SE;258;19,5;16,6;6,14;mineral;12,6;17,8;26;;;;;;;;;;
18/07/2018;F1;PO;Exclos;SO;259;19,5;6,4;6,46;mineral;39,1;14,1;21;;;;;;;;;;
18/07/2018;F1;PO;Exclos;NO;261;19,5;6,6;6,6;mineral;33,1;19,5;20;;;;;;;;;;
18/07/2018;F1;PO;Temoin;NE;275;19,5;7,5;5,96;mineral;30,7;15,3;24;;;;;;;;;;
18/07/2018;F1;PO;Temoin;SE;274;19,5;12,9;5,66;mineral;30,1;16,5;28;;;;;;;;;;
18/07/2018;F1;PO;Temoin;SO;276;19,7;11,3;5,94;mineral;17,5;15,2;22;;;;;;;;;;
18/07/2018;F1;PO;Temoin;NO;277;19,7;4,7;5,98;mineral;34,8;12,9;25;;;;;;;;;;
18/07/2018;E1;PO;Exclos;NE;266;15,6;10,7;5,66;mineral;5,8;19,1;26;;;;;;;;;;
18/07/2018;E1;PO;Exclos;SE;264;15,6;12;5,95;mineral;16,7;17,1;7;;;;;;;;;;
18/07/2018;E1;PO;Exclos;SO;263;15,6;7,9;6,23;mineral;27,9;14;4;;;;;;;;;;
18/07/2018;E1;PO;Exclos;NO;267;15,6;8,5;6,03;mineral;52,6;13;26;;;;;;;;;;
18/07/2018;E1;PO;Temoin;NE;271;15,1;15,9;6,11;mineral;10,6;14,8;22;;;;;;;;;;
18/07/2018;E1;PO;Temoin;SE;269;15,1;11,6;6,11;mineral;19,5;14,3;14;;;;;;;;;;
18/07/2018;E1;PO;Temoin;SO;268;15,1;11,2;6,37;mineral;5,5;17,2;20;;;;;;;;;;
18/07/2018;E1;PO;Temoin;NO;270;15,2;13,2;6,46;mineral;44,9;15,6;22;;;;;;;;;;
18/07/2018;71;PA;Exclos;NE;296;18,5;;;;;;;;;;;;;;;;
18/07/2018;71;PA;Exclos;SE;295;18,5;;;;;;;;;;;;;;;;
18/07/2018;71;PA;Exclos;SO;294;18,5;;;;;;;;;;;;;;;;
18/07/2018;71;PA;Exclos;NO;293;18,5;;;;;;;;;;;;;;;;
18/07/2018;71;PA;Temoin;NE;252;18,6;;;;;;;;;;;;;;;;
18/07/2018;71;PA;Temoin;SE;300;18,8;;;;;;;;;;;;;;;;
18/07/2018;71;PA;Temoin;SO;299;18,8;;;;;;;;;;;;;;;;
18/07/2018;71;PA;Temoin;NO;298;18,6;;;;;;;;;;;;;;;;
18/07/2018;72;PA;Exclos;NE;256;21,6;;;;;;;;;;;;;;;;
18/07/2018;72;PA;Exclos;SE;254;21,1;;;;;;;;;;;;;;;;
18/07/2018;72;PA;Exclos;SO;253;20,7;;;;;;;;;;;;;;;;
18/07/2018;72;PA;Exclos;NO;255;20,9;;;;;;;;;;;;;;;;
18/07/2018;72;PA;Temoin;NE;289;19,8;;;;;;;;;;;;;;;;
18/07/2018;72;PA;Temoin;SE;290;19,7;;;;;;;;;;;;;;;;
18/07/2018;72;PA;Temoin;SO;291;20,3;;;;;;;;;;;;;;;;
18/07/2018;72;PA;Temoin;NO;288;20;;;;;;;;;;;;;;;;
20/07/2018;36;PS;Exclos;NE;357;;8;6,53;mineral;63;10,7;24;;;;;;;;;;
20/07/2018;36;PS;Exclos;SE;358;;7,6;6,48;mineral;66,6;8,8;25;;;;;;;;;;
20/07/2018;36;PS;Exclos;SO;360;;6,6;6,68;mineral;56,5;8,7;26;;;;;;;;;;
20/07/2018;36;PS;Exclos;NO;359;;6,3;6,17;mineral;61,2;7,6;27;;;;;;;;;;
20/07/2018;36;PS;Temoin;NE;355;;10,3;6,48;mineral;54,7;13,7;32;;;;;;;;;;
20/07/2018;36;PS;Temoin;SE;354;;10,9;6,73;mineral;59,2;14,2;34;;;;;;;;;;
20/07/2018;36;PS;Temoin;SO;352;;10,8;6,61;mineral;57,6;12,8;34;;;;;;;;;;
20/07/2018;36;PS;Temoin;NO;353;;9,4;6,89;mineral;64,1;11,1;34;;;;;;;;;;
20/07/2018;35;PS;Exclos;NE;367;;5,3;5,86;mineral;70,2;7,6;20;;;;;;;;;;
20/07/2018;35;PS;Exclos;SE;370;;4,2;6,34;mineral;57,1;8,8;23;;;;;;;;;;
20/07/2018;35;PS;Exclos;SO;369;;5,7;6,35;mineral;62,8;5,4;23;;;;;;;;;;
20/07/2018;35;PS;Exclos;NO;368;;7,3;6,5;mineral;67,6;8,4;20;;;;;;;;;;
20/07/2018;35;PS;Temoin;NE;365;;8,5;6,44;mineral;67;12,1;29;;;;;;;;;;
20/07/2018;35;PS;Temoin;SE;364;;8,6;6,42;mineral;67,8;12;28;;;;;;;;;;
20/07/2018;35;PS;Temoin;SO;362;;7,9;6,23;mineral;67,8;10,8;29;;;;;;;;;;
20/07/2018;35;PS;Temoin;NO;363;;7,2;6,22;mineral;65,7;10,8;29;;;;;;;;;;
20/07/2018;33;PS;Exclos;NE;375;;6,4;6,33;mineral;56,9;7,9;21;;;;;;;;;;
20/07/2018;33;PS;Exclos;SE;373;;3,5;6,05;mineral;28,7;6,6;20;;;;;;;;;;
20/07/2018;33;PS;Exclos;SO;372;;4,2;6,37;mineral;58,3;6,9;20;;;;;;;;;;
20/07/2018;33;PS;Exclos;NO;374;;4,7;6,48;mineral;57,3;8,1;16;;;;;;;;;;
20/07/2018;33;PS;Temoin;NE;377;;8,4;7,03;mineral;69,3;11,9;29;;;;;;;;;;
20/07/2018;33;PS;Temoin;SE;379;;9;6,61;mineral;64,1;12,2;30;;;;;;;;;;
20/07/2018;33;PS;Temoin;SO;380;;10,3;6,54;mineral;61,1;13,1;31;;;;;;;;;;
20/07/2018;33;PS;Temoin;NO;378;;8,9;6,59;mineral;69;12,1;31;;;;;;;;;;
20/07/2018;ROC6;1;Exclos;NE;350;;8,5;6,54;mineral;56,9;10,7;22;;;;;;;;;;
20/07/2018;ROC6;1;Exclos;SE;349;;7,5;6,36;mineral;57,1;9,4;21;;;;;;;;;;
20/07/2018;ROC6;1;Exclos;SO;348;;7,6;6,94;mineral;67,8;9,5;19;;;;;;;;;;
20/07/2018;ROC6;1;Exclos;NO;347;;8;6,62;mineral;65,9;9,5;20;;;;;;;;;;
20/07/2018;ROC6;1;Temoin;NE;345;;8,1;7,08;mineral;70,8;10,2;23;;;;;;;;;;
20/07/2018;ROC6;1;Temoin;SE;344;;8,4;6,66;mineral;67,3;10,6;23;;;;;;;;;;
20/07/2018;ROC6;1;Temoin;SO;343;;9,5;6,73;mineral;72;11,7;20;;;;;;;;;;
20/07/2018;ROC6;1;Temoin;NO;51;;7,7;6,67;mineral;71,8;10,2;26;;;;;;;;;;
20/07/2018;ROC6;6;Exclos;NE;56;;5,3;5,98;mineral;31,8;8,5;13;;;;;;;;;;
20/07/2018;ROC6;6;Exclos;SE;55;;5,5;6,9;mineral;49;8,5;13;;;;;;;;;;
20/07/2018;ROC6;6;Exclos;SO;54;;4,8;6,13;mineral;69,8;4,6;13;;;;;;;;;;
20/07/2018;ROC6;6;Exclos;NO;53;;6,4;6,58;mineral;69,9;5,4;9;;;;;;;;;;
20/07/2018;ROC6;6;Temoin;NE;60;;8,3;6,22;mineral;73;9,9;24;;;;;;;;;;
20/07/2018;ROC6;6;Temoin;SE;59;;8,3;6,44;mineral;69,9;10,4;24;;;;;;;;;;
20/07/2018;ROC6;6;Temoin;SO;58;;7,9;6,54;mineral;67,7;7,5;22;;;;;;;;;;
20/07/2018;ROC6;6;Temoin;NO;57;;6,3;6,53;mineral;71,3;6,7;26;;;;;;;;;;
20/07/2018;ROC6;10;Exclos;NE;98;;5,9;6,89;mineral;58,3;7,2;20;;;;;;;;;;
20/07/2018;ROC6;10;Exclos;SE;97;;5,5;6,55;mineral;69,1;8,2;18;;;;;;;;;;
20/07/2018;ROC6;10;Exclos;SO;96;;6,7;6,8;mineral;68,6;8,5;22;;;;;;;;;;
20/07/2018;ROC6;10;Exclos;NO;95;;7,9;6,87;mineral;59,5;9,9;21;;;;;;;;;;
20/07/2018;ROC6;10;Temoin;NE;93;;6,8;6,75;mineral;67,9;8,7;23;;;;;;;;;;
20/07/2018;ROC6;10;Temoin;SE;92;;5,5;6,93;mineral;65,9;8,1;21;;;;;;;;;;
20/07/2018;ROC6;10;Temoin;SO;91;;7,9;7,17;mineral;73,7;9,2;22;;;;;;;;;;
20/07/2018;ROC6;10;Temoin;NO;90;;8,9;6,68;mineral;61,7;11,5;22;;;;;;;;;;
20/07/2018;ROC6;4;Exclos;NE;65;;7,3;6,23;mineral;67;7,7;26;;;;;;;;;;
20/07/2018;ROC6;4;Exclos;SE;64;;7,8;6,2;mineral;69,1;9,3;24;;;;;;;;;;
20/07/2018;ROC6;4;Exclos;SO;63;;7,9;5,4;mineral;70,1;9,2;21;;;;;;;;;;
20/07/2018;ROC6;4;Exclos;NO;62;;7,9;6,06;mineral;70,6;8,9;22;;;;;;;;;;
20/07/2018;ROC6;4;Temoin;NE;69;;8,7;6,21;mineral;69,4;11,1;23;;;;;;;;;;
20/07/2018;ROC6;4;Temoin;SE;68;;9,3;6,34;mineral;71,1;10,7;23;;;;;;;;;;
20/07/2018;ROC6;4;Temoin;SO;67;;8,6;6,23;mineral;69,4;9,8;25;;;;;;;;;;
20/07/2018;ROC6;4;Temoin;NO;66;;8,8;6,47;mineral;71,5;11;24;;;;;;;;;;
20/07/2018;ROC6;14;Exclos;NE;87;;6,2;4,9;mineral;12,3;8,1;20;;6;;;;;;;;
20/07/2018;ROC6;14;Exclos;SE;86;;9,5;5,85;mineral;17;8,8;17;;9;;;;;;;;
20/07/2018;ROC6;14;Exclos;SO;85;;4,6;6,6;mineral;16,7;8,7;18;;11;;;;;;;;
20/07/2018;ROC6;14;Exclos;NO;84;;3,1;4,43;mineral;16,3;7,7;15;;4;;;;;;;;
20/07/2018;ROC6;14;Temoin;NE;74;;6,6;6,48;mineral;70,8;9;20;;8;;;;;;;;
20/07/2018;ROC6;14;Temoin;SE;73;;9,4;6,5;mineral;74,3;10,3;22;;7;;;;;;;;
20/07/2018;ROC6;14;Temoin;SO;72;;8,1;6,23;mineral;71,2;9,7;24;;9;;;;;;;;
20/07/2018;ROC6;14;Temoin;NO;71;;8;6,55;mineral;73;9,7;23;;7;;;;;;;;
21/07/2018;A1;PR;Exclos;NE;3;10,1;6,3;5,89;mineral;31,5;7,6;27;;;;;;;;;;
21/07/2018;A1;PR;Exclos;SE;39;10,1;6,6;5,6;mineral;42,3;8,1;22;;;;;;;;;;
21/07/2018;A1;PR;Exclos;SO;40;10,1;4,6;6,34;mineral;17,3;6,6;17;;;;;;;;;;
21/07/2018;A1;PR;Exclos;NO;41;10;7,1;5,98;mineral;41,1;7,4;21;;;;;;;;;;
21/07/2018;A1;PR;Temoin;NE;7;10;4,4;6,02;mineral;51;5,5;23;;;;;;;;;;
21/07/2018;A1;PR;Temoin;SE;5;9,8;5;6,64;mineral;63,5;6;16;;;;;;;;;;
21/07/2018;A1;PR;Temoin;SO;6;9,8;4;5,85;mineral;64;5,4;18;;;;;;;;;;
21/07/2018;A1;PR;Temoin;NO;8;9,7;4,4;5,29;mineral;51,5;5,9;20;;;;;;;;;;
21/07/2018;B1;PR;Exclos;NE;33;8;3,8;6,45;mineral;19,4;7,3;11;;;;;;;;;;
21/07/2018;B1;PR;Exclos;SE;32;8;5;5,67;mineral;28,1;6,6;10;;;;;;;;;;
21/07/2018;B1;PR;Exclos;SO;31;7,9;4;5,73;mineral;33,1;6,8;18;;;;;;;;;;
21/07/2018;B1;PR;Exclos;NO;30;8;3,9;5,59;mineral;16,1;6,9;18;;;;;;;;;;
21/07/2018;B1;PR;Temoin;NE;15;7,8;4,9;5,53;mineral;30,8;7;20;;;;;;;;;;
21/07/2018;B1;PR;Temoin;SE;16;7,9;5,4;5,79;mineral;18,4;7;17;;;;;;;;;;
21/07/2018;B1;PR;Temoin;SO;17;7,9;2,7;5,81;mineral;41,3;5;13;;;;;;;;;;
21/07/2018;B1;PR;Temoin;NO;18;7,9;2,7;6,64;mineral;42,5;6,1;24;;;;;;;;;;
21/07/2018;C1;PR;Exclos;NE;13;9,6;6,3;5,41;mineral;52,6;8,1;29;;;;;;;;;;
21/07/2018;C1;PR;Exclos;SE;12;9,5;5,9;6,07;mineral;9,5;9,4;23;;;;;;;;;;
21/07/2018;C1;PR;Exclos;SO;36;9,6;5,9;5,37;mineral;50,7;7,1;21;;;;;;;;;;
21/07/2018;C1;PR;Exclos;NO;35;9,7;7,3;6,03;mineral;15,8;7,6;29;;;;;;;;;;
21/07/2018;C1;PR;Temoin;NE;38;9,5;7,3;5,53;mineral;28;7,3;20;;;;;;;;;;
21/07/2018;C1;PR;Temoin;SE;37;9,5;6,4;5,91;mineral;7,4;8;17;;;;;;;;;;
21/07/2018;C1;PR;Temoin;SO;9;9,5;5,6;5,96;mineral;33,8;6,2;24;;;;;;;;;;
21/07/2018;C1;PR;Temoin;NO;10;9,4;5,4;5,45;mineral;12,7;7,2;29;;;;;;;;;;
21/07/2018;D1;PR;Exclos;NE;44;8,7;4,4;5,4;mineral;19;6,9;16;;10;;;;;;;;
21/07/2018;D1;PR;Exclos;SE;47;8,6;4,9;5,51;mineral;59,8;6;12;;7;;;;;;;;
21/07/2018;D1;PR;Exclos;SO;46;8,6;1,9;5,85;mineral;47,7;4,7;12;;13;;;;;;;;
21/07/2018;D1;PR;Exclos;NO;43;8,7;3,5;5,13;mineral;24;7,9;12;;9;;;;;;;;
21/07/2018;D1;PR;Temoin;NE;2;8,8;5,2;5,03;mineral;33,3;7,4;19;;11;;;;;;;;
21/07/2018;D1;PR;Temoin;SE;1;8,8;5;5,13;mineral;24,7;7,2;23;;6;;;;;;;;
21/07/2018;D1;PR;Temoin;SO;49;8,8;4,5;5,58;mineral;42,3;7,7;15;;10;;;;;;;;
21/07/2018;D1;PR;Temoin;NO;48;8,8;4,3;5,71;mineral;26,5;7,1;6;;9;;;;;;;;
22/07/2018;72;PA;Exclos;NE;256;;;;mineral;70,6;6,7;25;;;;;;;;;;
22/07/2018;72;PA;Exclos;SE;254;;;;mineral;75,6;7,3;26;;;;;;;;;;
22/07/2018;72;PA;Exclos;SO;253;;;;mineral;13,5;7,1;20;;;;;;;;;;
22/07/2018;72;PA;Exclos;NO;255;;;;mineral;44,9;5,8;22;;;;;;;;;;
22/07/2018;72;PA;Temoin;NE;289;;;;mineral;79,4;8,5;30;;;;;;;;;;
22/07/2018;72;PA;Temoin;SE;290;;;;mineral;78,6;7,3;31;;;;;;;;;;
22/07/2018;72;PA;Temoin;SO;291;;;;mineral;76,8;8,5;32;;;;;;;;;;
22/07/2018;72;PA;Temoin;NO;288;;;;mineral;78,8;8,3;32;;;;;;;;;;
23/07/2018;ROC8;14;Exclos;SE;445;;7;;mineral;76,3;;30;;;;;;;;;;
23/07/2018;ROC8;14;Exclos;NO;443;;5,1;;mineral;73,3;;22;;;;;;;;;;
23/07/2018;ROC8;14;Temoin;NO;438;;;;mineral;;;;;;;;;;;;;
23/07/2018;ROC8;14;Temoin;SE;440;;;;mineral;;;;;;;;;;;;;
23/07/2018;ROC8;1;Exclos;NE;82;;6,1;;mineral;74,9;;26;;;;;;;;;;
23/07/2018;ROC8;1;Exclos;NO;79;;;;mineral;;;;;;;;;;;;;
23/07/2018;ROC8;1;Exclos;NO;80;;9,2;;mineral;72,2;;21;;;;;;;;;;
23/07/2018;ROC8;1;Temoin;NE;450;;;;mineral;;;;;;;;;;;;;
23/07/2018;ROC8;1;Temoin;SO;448;;8,9;;mineral;76;;21;;;;;;;;;;
23/07/2018;ROC8;1;Temoin;SE;449;;9,2;;mineral;76,7;;30;;;;;;;;;;
23/07/2018;ROC8;6;Temoin;SE;403;;;;mineral;72,2;9,6;32;;;;;;;;;;
23/07/2018;ROC8;6;Temoin;NO;405;;;;mineral;75,3;9,9;29;;;;;;;;;;
23/07/2018;ROC8;6;Exclos;SE;435;;;;mineral;72,5;10,2;27;;;;;;;;;;
23/07/2018;ROC8;6;Exclos;NO;433;;;;mineral;75;7,4;32;;;;;;;;;;
23/07/2018;ROC8;10;Exclos;SE;410;;;;mineral;70,3;5,9;31;;;;;;;;;;
23/07/2018;ROC8;10;Exclos;NO;408;;;;mineral;77,7;8,6;31;;;;;;;;;;
23/07/2018;ROC8;10;Temoin;NO;423;;;;mineral;75,1;8,5;37;;;;;;;;;;
23/07/2018;ROC8;10;Temoin;SE;426;;;;mineral;72,4;7,7;28;;;;;;;;;;
23/07/2018;ROC8;4;Exclos;SE;420;;;;mineral;72,2;8,5;30;;;;;;;;;;
23/07/2018;ROC8;4;Exclos;SO;419;;;;mineral;71,6;7,9;27;;;;;;;;;;
23/07/2018;ROC8;4;Temoin;SE;415;;;;mineral;69,4;7,4;30;;;;;;;;;;
23/07/2018;ROC8;4;Temoin;SO;414;;;;mineral;67,4;8,8;32;;;;;;;;;;
26/07/2018;ROC3;1;Exclos;SE;455;;;;mineral;78,2;7,5;32;;;;;;;;;;
26/07/2018;ROC3;1;Exclos;NO;451;;;;mineral;77,4;8,3;34;;;;;;;;;;
26/07/2018;ROC3;1;Temoin;SE;456;;;;mineral;79,3;6,3;28;;;;;;;;;;
26/07/2018;ROC3;1;Temoin;NO;458;;;;mineral;77,6;6,8;19;;;;;;;;;;
26/07/2018;ROC3;10;Exclos;SE;461;;;;mineral;73,7;8;22;;;;;;;;;;
26/07/2018;ROC3;10;Exclos;NO;464;;;;mineral;78,6;5,3;24;;;;;;;;;;
26/07/2018;ROC3;10;Temoin;NO;469;;;;mineral;76,7;4;16;;;;;;;;;;
26/07/2018;ROC3;10;Temoin;SE;467;;;;mineral;77,2;4,8;15;;;;;;;;;;
26/07/2018;ROC3;4;Exclos;NO;482;;;;mineral;72,6;7,4;23;;;;;;;;;;
26/07/2018;ROC3;4;Exclos;SE;485;;;;mineral;76,5;5,8;14;;;;;;;;;;
26/07/2018;ROC3;4;Temoin;SE;481;;;;mineral;78,2;7,6;31;;;;;;;;;;
26/07/2018;ROC3;4;Temoin;NO;478;;;;mineral;78,1;8,1;30;;;;;;;;;;
26/07/2018;ROC3;6;Exclos;NO;381;;;;mineral;78,7;8,1;33;;;;;;;;;;
26/07/2018;ROC3;6;Exclos;SE;489;;;;mineral;78,2;6,5;31;;;;;;;;;;
26/07/2018;ROC3;6;Temoin;SE;382;;;;mineral;76,9;10,5;37;;;;;;;;;;
26/07/2018;ROC3;6;Temoin;NO;385;;;;mineral;78;9,7;34;;;;;;;;;;
26/07/2018;ROC3;6;Exclos;SE;496;;;;mineral;7,7;6,7;7;;;;;;;;;;
26/07/2018;ROC3;6;Exclos;NO;493;;;;mineral;2,1;6,6;6;;;;;;;;;;
26/07/2018;ROC3;6;Temoin;NO;499;;;;mineral;39,7;6,9;14;;;;;;;;;;
26/07/2018;ROC3;6;Temoin;SE;491;;;;mineral;26,6;7;11;;;;;;;;;;
28/07/2018;71;PA;Exclos;NE;293;;;;mineral;76,8;7,1;28;;;;;;;;;;
28/07/2018;71;PA;Exclos;SO;295;;;;mineral;76,9;7;27;;;;;;;;;;
28/07/2018;71;PA;Temoin;WO;296;;;;mineral;76,3;7;28;;;;;;;;;;
28/07/2018;71;PA;Temoin;SE;300;;;;mineral;76,2;8,1;28;;;;;;;;;;
29/07/2018;E1;PO;Exclos;NE;266;;;;mineral;31,1;6;11;;;;;;;;;;
29/07/2018;E1;PO;Exclos;SO;263;;;;mineral;45;4,9;29;;;;;;;;;;
29/07/2018;E1;PO;Temoin;SO;268;;;;mineral;30,4;4,8;26;;;;;;;;;;
29/07/2018;E1;PO;Temoin;SE;269;;;;mineral;5,6;4,8;14;;;;;;;;;;
29/07/2018;F1;PO;Exclos;NE;260;;;;mineral;55,9;3,9;28;;;;;;;;;;
29/07/2018;F1;PO;Exclos;SO;259;;;;mineral;44,8;3,5;24;;;;;;;;;;
29/07/2018;F1;PO;Temoin;NO;277;;;;mineral;35,6;4,9;28;;;;;;;;;;
29/07/2018;F1;PO;Temoin;SO;276;;;;mineral;26,9;5,3;33;;;;;;;;;;
29/07/2018;G1;PO;Exclos;;279;;;;mineral;37,1;3,9;28;;;;;;;;;;
29/07/2018;G1;PO;Exclos;;282;;;;mineral;39,6;4,6;22;;;;;;;;;;
29/07/2018;G1;PO;Temoin;;284;;;;mineral;44,8;4,4;28;;;;;;;;;;
29/07/2018;G1;PO;Temoin;;283;;;;mineral;48,8;4,2;19;;;;;;;;;;
29/07/2018;H1;PO;Exclos;;24;;;;mineral;46;4,6;29;;;;;;;;;;
29/07/2018;H1;PO;Exclos;;23;;;;mineral;43,3;5,3;26;;;;;;;;;;
29/07/2018;H1;PO;Temoin;;19;;;;mineral;34,6;5,3;26;;;;;;;;;;
29/07/2018;H1;PO;Temoin;;26;;;;mineral;28,5;5,2;26;;;;;;;;;;
30/07/2018;ROC7;1;Exclos;NE;304;;;;mineral;77,4;5,1;26;;;;;;;;;;
30/07/2018;ROC7;1;Exclos;SO;307;;;;mineral;76,8;6,9;28;;;;;;;;;;
30/07/2018;ROC7;1;Temoin;SO;309;;;;mineral;76,1;7,2;32;;;;;;;;;;
30/07/2018;ROC7;1;Temoin;NE;312;;;;mineral;78;7,6;30;;;;;;;;;;
30/07/2018;ROC7;4;Exclos;NE;336;;;;mineral;78,7;6,9;35;;;;;;;;;;
30/07/2018;ROC7;4;Exclos;SE;337;;;;mineral;77,8;8,1;37;;;;;;;;;;
30/07/2018;ROC7;4;Temoin;SE;341;;;;mineral;76,8;6,9;34;;;;;;;;;;
30/07/2018;ROC7;4;Temoin;NO;340;;;;mineral;77,5;7,8;32;;;;;;;;;;
30/07/2018;ROC7;6;Exclos;SO;332;;;;mineral;38,1;5,1;15;;;;;;;;;;
30/07/2018;ROC7;6;Exclos;NE;329;;;;mineral;25,7;4,6;13;;;;;;;;;;
30/07/2018;ROC7;6;Temoin;NE;325;;;;mineral;75,8;6,4;27;;;;;;;;;;
30/07/2018;ROC7;6;Temoin;SO;326;;;;mineral;72,5;5,9;29;;;;;;;;;;
30/07/2018;ROC7;10;Exclos;SE;332;;;;mineral;30,4;6,5;15;;;;;;;;;;
30/07/2018;ROC7;10;Exclos;NO;329;;;;mineral;34,1;5,1;15;;;;;;;;;;
30/07/2018;ROC7;10;Temoin;NO;325;;;;mineral;64,4;4,9;17;;;;;;;;;;
30/07/2018;ROC7;10;Temoin;SE;326;;;;mineral;71,5;5,1;21;;;;;;;;;;
30/07/2018;ROC7;14;Exclos;NO;122;;;;mineral;27;7,6;33;;;;;;;;;;
30/07/2018;ROC7;14;Exclos;NE;405;;;;mineral;12,3;6,5;32;;;;;;;;;;
30/07/2018;ROC7;14;Temoin;NE;143;;;;mineral;77,3;6,4;29;;;;;;;;;;
30/07/2018;ROC7;14;Temoin;NO;132;;;;mineral;79,4;5,3;29;;;;;;;;;;
30/07/2018;26;PA;Exclos;NE;112;;;;mineral;33,3;6,1;14;;;;;;;;;;
30/07/2018;26;PA;Exclos;SO;210;;;;mineral;51,5;5,1;12;;;;;;;;;;
30/07/2018;26;PA;Temoin;WE;115;;;;mineral;23,4;6,4;14;;;;;;;;;;
30/07/2018;26;PA;Temoin;NO;224;;;;mineral;28,6;6,4;17;;;;;;;;;;
30/07/2018;43;PA;Exclos;NE;534;;;;mineral;51,2;3,9;12;;;;;;;;;;
30/07/2018;43;PA;Exclos;SO;120;;;;mineral;42,6;4,6;15;;;;;;;;;;
30/07/2018;43;PA;Temoin;SE;144;;;;mineral;53,9;5,7;26;;;;;;;;;;
30/07/2018;43;PA;Temoin;SO;118;;;;mineral;59,6;5,3;19;;;;;;;;;;
01/08/2018;36;PS;Exclos;SO;358;;;;mineral;65,5;8,2;31;;;;;;;;;;
01/08/2018;36;PS;Exclos;SE;357;;;;mineral;68,3;8;32;;;;;;;;;;
01/08/2018;36;PS;Temoin;NE;355;;;;mineral;52,8;11,6;37;;;;;;;;;;
01/08/2018;36;PS;Temoin;SE;354;;;;mineral;56,3;11,9;37;;;;;;;;;;
01/08/2018;35;PS;Exclos;SE;370;;;;mineral;58,9;7;25;;;;;;;;;;
01/08/2018;35;PS;Exclos;SO;369;;;;mineral;68,5;5,9;27;;;;;;;;;;
01/08/2018;35;PS;Temoin;NE;365;;;;mineral;63,3;9,6;32;;;;;;;;;;
01/08/2018;35;PS;Temoin;SE;364;;;;mineral;65,3;10,1;31;;;;;;;;;;
01/08/2018;33;PS;Exclos;SE;373;;;;mineral;67,4;5,3;12;;;;;;;;;;
01/08/2018;33;PS;Exclos;SO;372;;;;mineral;61,7;6,9;12;;;;;;;;;;
01/08/2018;33;PS;Temoin;NO;378;;;;mineral;68,2;10,4;31;;;;;;;;;;
01/08/2018;33;PS;Temoin;NE;377;;;;mineral;68,1;9,2;33;;;;;;;;;;
01/08/2018;ROC6;6;Exclos;SE;373;;;;mineral;69;4;21;;;;;;;;;;
01/08/2018;ROC6;6;Exclos;SO;372;;;;mineral;65,5;4,8;21;;;;;;;;;;
01/08/2018;ROC6;6;Temoin;NO;378;;;;mineral;73,2;6,9;26;;;;;;;;;;
01/08/2018;ROC6;6;Temoin;NE;377;;;;mineral;69,8;6,3;26;;;;;;;;;;
01/08/2018;ROC6;10;Exclos;NE;98;;;;mineral;69,8;4,9;25;;;;;;;;;;
01/08/2018;ROC6;10;Exclos;SO;96;;;;mineral;70,5;5,3;25;;;;;;;;;;
01/08/2018;ROC6;10;Temoin;SO;91;;;;mineral;72,3;6,8;27;;;;;;;;;;
01/08/2018;ROC6;10;Temoin;NE;93;;;;mineral;72,4;7,1;28;;;;;;;;;;
01/08/2018;ROC6;1;Exclos;SO;348;;;;mineral;69,9;7,4;26;;;;;;;;;;
01/08/2018;ROC6;1;Exclos;NE;350;;;;mineral;71,8;7;21;;;;;;;;;;
01/08/2018;ROC6;1;Temoin;NE;345;;;;mineral;70,9;8,5;24;;;;;;;;;;
01/08/2018;ROC6;1;Temoin;SO;343;;;;mineral;70;5,8;26;;;;;;;;;;
01/08/2018;ROC6;1;Exclos;NE;87;;;;mineral;9,9;6,8;8;;;;;;;;;;
01/08/2018;ROC6;1;Exclos;SO;85;;;;mineral;9,6;6,4;8;;;;;;;;;;
01/08/2018;ROC6;1;Temoin;SO;72;;;;mineral;74,7;7,6;26;;;;;;;;;;
01/08/2018;ROC6;1;Temoin;NE;74;;;;mineral;70,4;6,8;26;;;;;;;;;;
01/08/2018;ROC6;4;Exclos;NE;65;;;;mineral;66,9;5,4;28;;;;;;;;;;
01/08/2018;ROC6;4;Exclos;SO;63;;;;mineral;70,6;7,2;27;;;;;;;;;;
01/08/2018;ROC6;4;Temoin;SO;67;;;;mineral;72,3;8,2;27;;;;;;;;;;
01/08/2018;ROC6;4;Temoin;NE;69;;;;mineral;73,3;8,3;26;;;;;;;;;;
03/08/2018;A1;PR;Exclos;;7;;;;mineral;56;3,9;29;;;;;;;;;;
03/08/2018;A1;PR;Exclos;;6;;;;mineral;65,8;3,4;27;;;;;;;;;;
03/08/2018;A1;PR;Temoin;;;;;;mineral;41;3,6;23;;;;;;;;;;
03/08/2018;A1;PR;Temoin;;;;;;mineral;37,9;3,7;18;;;;;;;;;;
03/08/2018;C1;PR;Exclos;NE;13;;;;mineral;55,6;5,3;30;;;;;;;;;;
03/08/2018;C1;PR;Exclos;SO;36;;;;mineral;34,9;5;33;;;;;;;;;;
03/08/2018;C1;PR;Temoin;;38;;;;mineral;31,6;5;24;;;;;;;;;;
03/08/2018;C1;PR;Temoin;;10;;;;mineral;20,1;4,5;18;;;;;;;;;;
03/08/2018;B1;PR;Exclos;;30;;;;mineral;31;4,3;24;;;;;;;;;;
03/08/2018;B1;PR;Exclos;;32;;;;mineral;34,1;4,3;17;;;;;;;;;;
03/08/2018;B1;PR;Temoin;;15;;;;mineral;29,5;4,3;25;;;;;;;;;;
03/08/2018;B1;PR;Temoin;;16;;;;mineral;15,7;4,7;20;;;;;;;;;;
03/08/2018;D1;PR;Exclos;NE;44;;;;mineral;37,5;4,6;16;;;;;;;;;;
03/08/2018;D1;PR;Exclos;SO;46;;;;mineral;39,7;5,5;14;;;;;;;;;;
03/08/2018;D1;PR;Temoin;;2;;;;mineral;17,6;5,8;20;;;;;;;;;;
03/08/2018;D1;PR;Temoin;;48;;;;mineral;28,8;5,8;25;;;;;;;;;;
