Date,Parcelle,Traitement,Exclos,Prof_up,Prof_down,PHOTO,Oxydo_Reduction,Largeur1,Largeur2,Largeur3,Largeur4,Hauteur1,Hauteur2,Hauteur3,Hauteur4,Recup_lessivat,Recup_CapChamps,Longueur1,Longueur2,Longueur3,Longueur4,Poids_frais,Poids_sec,Calibration,Remarque,Diff_poids_sec,Poids_sec+ass,Poids_sec_net,Numero_Cupule,Poids_cupule,Volume_cuiller_ml,Nbre_cuiller,Poids_sec_brulage,Poids_brule,remarques,Largeur1_Cal,Largeur2_Cal,Largeur3_Cal,Largeur4_Cal,Hauteur1_Cal,Hauteur2_Cal,Hauteur3_Cal,Hauteur4_Cal,Longueur1_Cal,Longueur2_Cal,Longueur3_Cal,Longueur4_Cal,Poids_frais_cal,Poids_sec_cal
11/03/20,ROC7,14,Exclos,0,7,,0,6.4,6.5,7,7,6.8,7.5,7,6.5,Ok,Ok,7.7,7.5,7.7,8,55.3,13.8891,Non,,,,-4.59,10,29.649,0.5,3,39.4625,29.8936,Poids sec faux!,,,,,,,,,,,,,,
11/03/20,ROC7,14,Exclos,7,13.5,,0,7.6,8,6.5,6.8,6.8,6.4,6.7,6.2,Ok,Ok,5,4.6,6,6.5,74.3,18.3084,Non,,,,-4.59,11,27.968,0.5,3,28.9335,28.4984,,,,,,,,,,,,,,,
11/03/20,ROC7,14,Exclos,13.5,16.5,,1,6.9,7.3,7.5,8,3.2,4,4.5,4,Ok,Ok,6,6,6,6.5,103,23.7572,Non,,,,-4.59,12,29.7247,0.5,4,31.1522,30.611,,,,,,,,,,,,,,,
11/03/20,ROC7,14,Exclos,16.5,21,,0,7.9,7.7,8,8,4.1,4.3,4.1,4.5,Ok,Ok,6.1,6.5,5.9,5.4,188.8,37.7907,Non,,,,-4.59,13,22.9537,0.5,4,24.2104,23.7028,,,,,,,,,,,,,,,
11/03/20,ROC7,1,Exclos,0,3,,0,6.2,5.5,7.5,6.5,2.5,2.5,2.8,2.5,Ok,Ok,5,5,5.3,5.1,32.6,12.4875,Non,,0.1675,16.91,12.32,14,25.9976,0.5,4,27.3075,26.9673,,,,,,,,,,,,,,,
11/03/20,ROC7,1,Exclos,3,5.5,,0,7.5,8,8,9,2.4,2,2.5,2.6,Ok,Ok,6.1,6.5,7.7,6.5,92.9,28.2038,Non,,0.363800000000001,32.43,27.84,15,24.1314,0.5,4,25.6029,25.1026,,,,,,,,,,,,,,,
11/03/20,ROC7,1,Exclos,5.5,8,,1,8.8,9,9,9,3.2,3.5,2.8,2.8,Ok,Ok,7.7,7.5,8,7.8,122.5,31.2033,Non,,-0.436699999999998,36.23,31.64,16,28.0261,0.5,4,29.2299,28.7271,,,,,,,,,,,,,,,
11/03/20,ROC7,1,Exclos,8,15,,0,5.5,5.5,6.2,5.5,7.4,6.7,6.8,6.4,Ok,Ok,10,10,9.6,10,283.7,86.9447,Non,,1.2847,90.25,85.66,17,26.7711,0.5,4,28.0959,27.6449,,,,,,,,,,,,,,,
11/03/20,ROC7,1,Exclos,15,19,,0,5.5,5.7,6.2,6.2,4.1,3.7,3.2,4.5,Ok,Ok,7.5,7.7,9.5,9,217.1,78.5993,Non,,0.999300000000005,82.19,77.6,18,24.0421,0.5,4,25.5064,25.0898,,,,,,,,,,,,,,,
12/03/20,ROC6,14,Temoin,0,6,,0,6.5,6,7.4,6.5,5.5,5,5.8,5.5,Ok,Ok,6,5.2,6,6.1,89.2,21.8379,Non,,0.227900000000002,26.2,21.61,1,25.7641,0.5,5,27.3387,26.7365,,,,,,,,,,,,,,,
12/03/20,ROC6,14,Temoin,6,7,,1,7.6,6.8,8,7,2.5,2,1.5,1.6,Ok,Ok,5.5,5.6,5.7,5.6,78,33.4412,Non,,,38.1,33.51,2,27.6381,0.5,5,29.8909,29.6079,,,,,,,,,,,,,,,
12/03/20,ROC6,14,Temoin,7,11.5,,2,8.8,7.3,8.2,7.5,4.4,4.5,3.5,4.5,Ok,Ok,6,6,6,5.8,133.1,45.2387,Non,,,49.9,45.31,3,23.9325,0.5,5,25.9709,25.5348,,,,,,,,,,,,,,,
12/03/20,ROC6,14,Temoin,11.5,16.5,,0,7.4,8.5,9.9,8.6,5,4.5,5.3,5.3,Ok,Ok,7,7.5,8,7.5,401.5,206.8781,Non,,,*pas pesé avant de broyer ,#VALEUR !,4,28.5459,0.5,5,31.0257,30.758,,,,,,,,,,,,,,,
12/03/20,ROC7,14,Temoin,0,3,,0,7.5,NA,NA,NA,2.5,2.9,NA,NA,Non,Non,1.9,2.1,NA,NA,5,1.3849,Oui,Aller chercher les échantillons congelés!,,,-4.59,19,27.687,0.25,1,27.756,27.7076,,9,6,,,2,1.6,2,1.8,6.5,6.5,,,,
12/03/20,ROC7,14,Temoin,3,7,,0,9.5,10.5,NA,NA,2.1,1.7,NA,NA,Non,Non,3.5,4.5,3.5,NA,29.9,7.3291,Oui,Aller chercher les échantillons congelés!,,,-4.59,20,26.2069,0.5,2,26.8781,26.5604,,9.3,8.5,8.3,7.5,5,5,5,4,8.5,9,8,7.5,,
12/03/20,ROC7,14,Temoin,7,10,,1,8.5,8.5,NA,NA,1.8,2.3,NA,NA,Non,Non,1.7,2.4,,,38.4,9.938,Oui,Aller chercher les échantillons congelés!,,,-4.59,21,24.6189,0.5,2,25.4233,25.1419,,8.2,6.5,,,1.5,5,2.5,3,7,9.5,,,,
12/03/20,ROC7,14,Temoin,10,15,,0,6,5.5,5,4.6,5.4,5.7,5.3,5.2,Oui,Oui,6.5,6.6,6.2,6.5,192.1,54.5345,Oui,Aller chercher les échantillons congelés!,,,-4.59,22,28.4217,0.5,4,30.0552,29.6077,,,,,,,,,,,,,,,
12/03/20,ROC7,1,Temoin,0,4.5,,0,6.3,6.4,6.5,6.9,3.4,3.7,3.7,3.3,Oui,Oui,3.6,3.6,3.6,3.9,62.4,22.3227,Non,,,26.92,22.33,23,26.2861,0.5,4,28.1641,27.7643,,,,,,,,,,,,,,,
12/03/20,ROC7,1,Temoin,4.5,8.5,,1,8,8.5,8.7,9,4,4.5,4,4.4,Oui,Oui,5.3,5.6,5.4,5.5,128.6,31.9876,Non,,-0.1624,36.74,32.15,24,22.3532,0.5,4,23.8132,23.3064,,,,,,,,,,,,,,,
12/03/20,ROC7,1,Temoin,8.5,19,,0,8.5,8.6,8.5,9.4,4,4.9,3.8,4,Oui,Oui,6.1,5.9,6.1,5.8,168.3,31.6156,Non,Possiblement statifié à nouveau. mais indétectable! À corriger avec les données des carottes,,36.22,31.63,25,22.4848,0.5,4,23.7044,23.1684,,,,,,,,,,,,,,,
12/03/20,ROC6,1,Temoin,0,2,,0,2,1.8,2,2,2,2,2,1.5,Non,Oui,5.5,4.7,,,19.8,8.675,Oui,,,,-4.59,26,25.7733,0.5,2,26.8644,26.7385,,10.5,7,,,3,2.5,,,8.5,7,,,,
12/03/20,ROC6,1,Temoin,2,6,,1,3.3,3.3,3.3,3.3,2.5,2.3,2.4,1.9,Non,Oui,5,5,4.8,4.9,37.9,13.2731,Oui,,,,-4.59,27,24.9196,0.5,3,26.2646,26.005,,10.4,9.5,8.5,8.2,3.7,4,,,8.5,7,,,,
12/03/20,ROC6,1,Temoin,6,11,,0,3.7,3.6,3.5,4,2.5,2.5,2.5,2.5,Non,Oui,3.8,4,4,3.7,47.2,22.7096,Oui,,,,-4.59,28,25.4437,0.5,4,27.432,27.2002,,9.5,8.5,8,7.5,4,5,,,9,8.6,6.8,6.5,,
13/03/20,ROC6,14,Exclos,0,4.5,,0,2.8,3,3,2.9,1.4,1.7,1.3,1.4,Non,Non,4.8,4.7,4.5,4.6,1.4,1.297,Oui,,-0.083,5.97,1.38,5,26.374,0.25,2,26.526,26.4349,,7,7,6.9,6.9,4,2,3,2,4,,4,9,,
13/03/20,ROC6,14,Exclos,4.5,7,,0,2.5,2.5,2.7,2.9,2,1,1.8,0.8,Non,Non,8,8.2,8.5,8,1.8,1.7026,Oui,,,6.34,1.75,6,26.2808,0.25,2,26.4748,26.3765,,6.5,6.5,6.5,,2,2.8,2.5,2.5,8.7,8.7,9,7.5,,
13/03/20,ROC6,14,Exclos,7,9.5,,0,2,1.7,2,1,1.9,0.8,2,0.8,Non,Non,9,9.3,,,12.4,11.169,Oui,,,15.76,11.17,7,22.7714,0.5,3,24.4126,24.2292,,7.1,7.4,5.7,6.6,3,3,4,4,9,7.3,6,6,,
13/03/20,ROC6,14,Exclos,9.5,11,,1,2,1.9,2.5,2,1.3,0.7,1.1,2,Non,Non,7.3,7.6,,,12.5,8.3659,Oui,,,13.12,8.53,8,25.2712,0.5,5,27.6798,27.2512,,7.5,7.6,7.7,7.3,1.1,1.6,1.9,1.6,7,7.1,7,7.5,56.4,34.6787
13/03/20,ROC6,14,Exclos,11,15,,0,6.5,7,6.6,7,1.4,1.4,1.8,2.1,Non,Non,6.2,7.2,7,6.8,42,27.8457,Oui,,,32.45,27.86,9,25.2783,0.5,5,27.7142,27.3841,,4.2,4.5,4.6,4,7,7,7.3,6.7,5,4.9,5.2,5.4,146.5,96.4213
13/03/20,ROC3,14,Exclos,0,4.5,,0,7,7.5,7.7,7.5,5,5,6,5,Oui,Oui,6,6,6.4,6,37.3,9.0134,Non,,-0.0565999999999995,13.66,9.07,29,27.3096,0.5,4,28.4335,27.6152,,,,,,,,,,,,,,,
13/03/20,ROC3,14,Exclos,4.5,7,,1,8.1,8.4,7.5,8.5,1,2.6,1.2,2.4,Oui,Oui,5.5,6,5.4,5.7,43.9,9.3166,Non,Grosses Racines concentrées,0.146599999999999,13.76,9.17,30,23.539,0.5,3,24.618,24.0847,,,,,,,,,,,,,,,
13/03/20,ROC3,14,Exclos,7,13,,0,9,9.1,10.8,10,1.5,1.8,2.2,2,Oui,Oui,4.5,4.4,5,6,89.1,18.143,Non,,0.273,22.46,17.87,31,26.9224,0.5,4,28.2106,27.6049,,,,,,,,,,,,,,,
13/03/20,ROC3,14,Temoin,0,3.5,,0,5.5,6.5,5.2,6.2,2.8,2.2,2.9,3.5,Oui,Oui,4.4,4,4.2,4.5,23.6,4.286,Non,,0.0860000000000003,8.79,4.2,32,25.1629,0.5,3,25.7628,25.2654,,,,,,,,,,,,,,,
13/03/20,ROC3,14,Temoin,3.5,7 (6.5)7,,1,6.5,7,7,7.1,2.2,2.5,3.2,2.6,Oui,Oui,3.3,3.7,4.1,3.6,45,8.5374,Non,,,13.11,8.52,33,27.3123,0.5,4,28.5762,27.8784,,,,,,,,,,,,,,,
13/03/20,ROC3,14,Temoin,7,11,,0,7.4,7.1,7.5,8,5.5,4.5,4.8,4,Oui,Oui,5,5.4,5.5,5.4,132.9,30.9802,Non,,,35.48,30.89,34,27.3097,0.5,4,28.7807,28.1287,,,,,,,,,,,,,,,
13/03/20,ROC3,14,Temoin,11,13.5,,0,5.9,5.6,5.6,5.7,2.8,2.3,2.9,1.8,Oui,Oui,8.1,7.5,7.3,8,112,41.8449,Non,,,46.43,41.84,35,24.9891,0.5,4,26.6944,26.1707,,,,,,,,,,,,,,,
13/03/20,ROC3,14,Temoin,13.5,15,,0,5.9,6,6,6.2,1.8,1.7,0.5,0.6,Oui,Oui,4,4.1,4,4,45,32.5422,Non,,-0.0478000000000023,37.18,32.59,36,25.8253,0.5,4,27.97,27.7195,,,,,,,,,,,,,,,
13/03/20,ROC8,14,Temoin,0,4,Oui,0,6.5,6.5,6.5,6.2,3.5,3.5,2.9,3.5,Oui,Oui,6.4,6,6.1,6.3,111,28.7575,Non,,-0.0425000000000004,33.39,28.8,37,28.1279,0.5,5,29.8519,29.3325,,,,,,,,,,,,,,,
13/03/20,ROC8,14,Temoin,4,7,,1,5.2,5.5,5.6,6,3.5,3.8,3,3.4,Oui,Oui,6,6.1,6.8,7,66.7,21.3642,Non,,0.0841999999999992,25.87,21.28,38,24.2434,0.5,4,25.9915,25.5311,,,,,,,,,,,,,,,
13/03/20,ROC8,14,Temoin,7,11,,0,5,4.3,5.5,5,5.2,5.4,3.6,3,Oui,Oui,4,4,4,4,101.3,37.9608,Non,,0.0707999999999984,42.48,37.89,39,26.6108,0.5,5,28.684,28.236,,,,,,,,,,,,,,,
13/03/20,ROC8,14,Temoin,11,15,,0,7,6.6,7,7.2,5,4.5,5,4.8,Oui,Oui,8,7.2,6.7,7.5,273.9,115.8,Non,,,115.92,111.33,40,25.492,0.5,5,27.7815,27.3706,,,,,,,,,,,,,,,
43952,ROC8,1,Exclos,0,4.5,Oui,0,4.5,4,5.5,6,4.3,4,3.5,3.2,Oui,Oui,4,4.4,4.5,4.7,56.3,27.2339,Non,,0.393899999999999,31.43,26.84,41,26.9105,0.5,5,29.3902,29.0148,,,,,,,,,,,,,,,
43952,ROC8,1,Exclos,4.5,6.5,,1,6.6,6.4,7,6.6,2.4,2.5,2.5,2.4,Oui,Oui,4.6,4.5,4.2,4,21.8,9.7959,Non,,0.3759,14.01,9.42,42,26.5622,0.5,2,27.4295,27.2364,,,,,,,,,,,,,,,
43952,ROC8,1,Exclos,6.5,11,,0,7,7.5,7.4,7.2,4.7,4.5,5.8,6,Oui,Oui,4.9,4.6,4.7,5.4,67.3,27.34398,Non,,0.883979999999998,31.05,26.46,43,27.5748,0.5,5,29.3311,28.7584,,,,,,,,,,,,,,,
43952,ROC8,1,Exclos,11,19,,0,7.5,7.2,7,7,4,4,4.4,4,Oui,Oui,4.9,4,4,4.1,75.2,34.4682,Non,,0.748200000000004,38.31,33.72,44,26.1423,0.5,5,28.2637,27.8193,,,,,,,,,,,,,,,
43952,ROC6,1,Exclos,0,5,Oui,0,6,6.5,6.5,6.5,5.5,5,5,5,Oui,Oui,5.5,5,6,5.5,52.8,39.2331,Non,,0.693099999999994,43.13,38.54,45,23.9489,0.5,5,25.5992,25.2413,,,,,,,,,,,,,,,
43952,ROC6,1,Exclos,5,7,,1,7.3,7.5,7.9,7.9,2.7,2.4,2.4,2,Oui,Oui,5.5,5.8,6.3,6.1,65.4,45.2782,Non,,0.528199999999998,49.34,44.75,46,25.8218,0.5,5,28.5812,28.2542,,,,,,,,,,,,,,,
43952,ROC6,1,Exclos,7,8.5,,0,7,7.9,7.1,7.9,1.8,1.8,1.5,1.6,Oui,Oui,5.3,5.2,5,5.3,32.7,23.307,Non,,0.326999999999998,27.57,22.98,47,23.7365,0.5,4,25.8621,25.6016,,,,,,,,,,,,,,,
43952,ROC6,1,Exclos,8.5,19,,0,6.7,7.6,6.8,7.6,3,4.1,3.5,4.1,Oui,Oui,6,6,6,5.8,186.3,134.9969,Non,,1.87690000000001,137.71,133.12,48,26.4911,0.5,5,29.3734,29.1008,,,,,,,,,,,,,,,
43952,ROC7,10,Temoin,0,3,,0,4,3.7,3.6,3.5,3,2.5,3,2.6,Oui,Oui,5.4,5.9,6,5.4,25,6.8785,Non,,,,-4.59,49,27.0908,0.5,2,27.6549,27.4016,,,,,,,,,,,,,,,
43952,ROC7,10,Temoin,3,5,Oui,0,5.7,5.5,5.5,6.2,1.6,2,1.7,1.6,Oui,Oui,7,7,7.5,7,24.8,7.8213,Non,,,,-4.59,50,28.2737,0.5,2,29.1118,28.8534,,,,,,,,,,,,,,,
43952,ROC7,10,Temoin,5,10,,1,5,3.8,3.7,5,3.2,4,3,3.4,Oui,Oui,8,9.5,9,8.6,102.3,26.0901,Non,,,,-4.59,51,27.7983,0.5,4,29.119,28.6021,,,,,,,,,,,,,,,
43952,ROC7,10,Temoin,10,12,,0,7,7,7.2,8,2.5,2.9,2.5,3,Oui,Oui,5.5,4.8,5,5,103.3,30.617,Non,,,,-4.59,52,28.1174,0.5,4,29.6616,29.2429,,,,,,,,,,,,,,,
43952,ROC7,10,Temoin,12,19,,0,6.2,6,5.5,5,3,2.9,2.6,2.8,Oui,Oui,4.4,4.3,4.9,5,79.1,28.9742,Non,,,,-4.59,53,23.7352,0.5,4,25.388,24.9194,,,,,,,,,,,,,,,
43952,ROC7,10,Exclos,0,3,,0,1.5,1.6,3,3,2.3,2.3,2.5,2.5,Oui,Oui,5,5,4.5,4.5,8.4,2.5185,Oui,,0.0985,7.01,2.42,54,24.7544,0.5,1,25.1047,24.9778,,10.5,8,,,3,3,3,3,9,4,,,,
43952,ROC7,10,Exclos,3,5,,1,2.7,3,3,3.1,2,1.8,2.2,2.2,Oui,Oui,3.7,3.7,3.5,3.6,11.8,4.1903,Oui,,0.0202999999999998,8.76,4.17,55,23.8316,0.5,2,24.6921,24.4876,,11.6,8.5,,,2,2,,,5,9,,,,
43952,ROC7,10,Exclos,5,8,,1,2.7,3,2.8,2.9,3.2,3,3,3.3,Oui,Oui,5.5,5.4,5.3,5.4,39.2,9.1287,Oui,,0.1587,13.56,8.97,56,24.9962,0.5,4,26.5107,25.9511,,12,9.5,,,3,3,,,9,9,,,,
43952,ROC7,10,Exclos,8,11,,0,3,3,3.5,3.4,3.2,3.7,3.2,3.3,Oui,Oui,6,5.5,5.5,5.8,51.1,11.8496,Oui,,0.339599999999999,16.1,11.51,58,23.9345,0.5,3,26.3679,25.874,,12,10,,,3,3,,,8.5,9.5,,,,
43952,ROC7,10,Exclos,11,13,,0,3,3.2,3.1,3,2,2.2,2,2.6,Oui,Oui,4,4.1,4.2,4.4,25.8,8.3785,Oui,,0.2385,12.73,8.14,57,27.3121,0.5,2,28.1043,27.9,,12,11,,,2,2,,,8.6,9,,,,
43952,ROC7,10,Exclos,13,16,,0,3,3.8,2.8,3.3,2,2.2,3,3,Oui,Oui,5,5.2,5.2,5,48.3,16.9769,Oui,,0.5869,20.98,16.39,59,26.1885,0.5,4,27.8375,27.3664,,12,11.5,,,3,3,,,7.5,9.5,,,,
43955,ROC6,10,Temoin,0,4,Oui,0,6.1,6.2,7.2,6.8,3.2,3.3,4.2,3.8,Oui,Oui,7,7,6.5,7,144.7,60.3478,Non,Pas sur si il faut ajouter 4.4g (le poids de lassiette),,,-4.59,60,26.9989,0.5,5,28.809,28.4528,,,,,,,,,,,,,,,
43955,ROC6,10,Temoin,4,5.5,,1,8.1,7.3,7.9,6.9,2,2,2,2,Oui,Oui,7.8,7.5,7.4,8,109,71.2843,Non,,,,-4.59,61,26.5769,0.5,5,29.2043,28.8063,,,,,,,,,,,,,,,
43955,ROC6,10,Temoin,5.5,9,,0,7,7.1,6.9,6.9,3.5,3.3,2.8,2.8,Oui,Oui,7.1,7.2,7.3,7.8,175.9,42.3795,Non,,,,-4.59,62,29.6501,0.5,5,32.197,31.7945,,,,,,,,,,,,,,,
43955,ROC6,10,Temoin,9,14,,0,6.6,6.2,6.5,6.2,2,2.4,2.6,3.1,Oui,Oui,6.6,6.2,6.2,6.5,143,78.2261,Non,,,,-4.59,63,26.5231,0.5,4,28.6381,28.4445,,,,,,,,,,,,,,,
43955,ROC7,6,Temoin,0,2.5,Oui,0,9,8.8,9.7,9.7,1.8,1.5,1.6,2,Oui,Oui,6.5,6.3,6.9,6.6,69.7,23.4306,Non,,,,-4.59,64,26.2858,0.5,4,28.1894,27.6787,,,,,,,,,,,,,,,
43955,ROC7,6,Temoin,2.5,3.5,,0,7.6,7.5,8,7.5,1.1,0.6,1.5,1.6,Oui,Oui,4.9,5,5.5,5.3,45.9,16.4111,Non,,,,-4.59,65,27.0844,0.5,4,29.0363,28.6126,,,,,,,,,,,,,,,
43955,ROC7,6,Temoin,3.5,5.5,,1,8.8,9.2,9.2,9.7,2,2.1,2,2.5,Oui,Oui,5,5,5,5.1,50.6,14.0035,Non,,,,-4.59,66,27.7732,0.5,4,29.3778,28.8005,,,,,,,,,,,,,,,
43955,ROC7,6,Temoin,5.5,9,,0,9,9.4,9.6,9.6,2.9,2.7,2.8,0.9,Oui,Oui,4.5,5.1,6,5.4,100.5,23.1661,Non,,,,-4.59,67,25.5545,0.5,4,27.0578,26.4692,,,,,,,,,,,,,,,
43955,ROC7,6,Temoin,9,13,,0,8,8.1,8,7.6,3.3,3.4,3.5,4.1,Oui,Oui,5,5.1,5.5,5.6,149.2,37.8878,Non,,,,-4.59,68,26.0791,0.5,4,27.6208,27.1287,,,,,,,,,,,,,,,
43955,ROC7,6,Temoin,13,18,,0,4.6,4.1,5.4,5,2.5,2.3,2.3,1.8,Oui,Oui,5.1,5,4.7,4.5,61.2,26.5061,Non,,,,-4.59,69,26.5231,0.5,4,28.3195,27.9342,,,,,,,,,,,,,,,
43957,ROC3,6,Temoin,0,2,Oui,0,5,5.6,5,6.1,1.9,2,1.5,1.5,Oui,Oui,4,4,3.6,3.9,15,3.2234,Non,,,,-4.59,70,24.5976,0.5,2,25.2878,24.92,,,,,,,,,,,,,,,
43957,ROC3,6,Temoin,2,4,,0,5.1,5.2,5,5.3,2.6,2.4,2.8,3,Oui,Oui,3.6,3.5,3.7,3.7,30,5.3517,Non,,,,-4.59,71,28.7908,0.5,3,29.8127,29.2128,,,,,,,,,,,,,,,
43957,ROC3,6,Temoin,4,6.5,,0,4.8,4.6,5.3,5,2.9,3,2.8,3,Oui,Oui,3,3.4,4.5,4.1,32.6,5.3387,Non,,,,-4.59,72,25.7877,0.5,3,26.7192,26.1246,,,,,,,,,,,,,,,
43957,ROC3,6,Temoin,6.5,11,,1,4.5,5.3,4.5,4.2,4.8,4.5,4.5,4.3,Oui,Oui,4,4.1,4.2,4,76.4,18.8906,Non,,,,-4.59,73,25.2371,0.5,4,26.7489,26.1447,,,,,,,,,,,,,,,
43957,ROC3,6,Temoin,11,14,,0,4.5,4,4.6,3.8,2.5,2.6,2.7,2.5,Oui,Oui,4.8,4.6,4.9,4.7,62.6,28.4538,Non,,,,-4.59,74,25.0265,0.5,4,26.9042,26.506,,,,,,,,,,,,,,,
43957,ROC7,6,Exclos,0,2,Oui,0,3.8,3.8,4,4.1,1.6,1.8,1.8,2,Oui,Oui,6.7,7,7,6.8,6.1,1.9751,Non,,,,-4.59,75,28.5479,0.25,2,28.7473,28.6408,,,,,,,,,,,,,,,
43957,ROC7,6,Exclos,2,4.5,,0,5,5.3,5,5,2.7,2.4,2.8,3,Oui,Oui,4.5,4.5,5,5,18.4,5.1777,Non,,,,-4.59,76,26.4945,0.5,2,27.2641,26.9706,,,,,,,,,,,,,,,
43957,ROC7,6,Exclos,4.5,7,,0,5,5.5,5.7,5.5,2,2,2,2.2,Oui,Oui,5.5,5.4,5.7,6,23.5,6.0571,Non,,,,-4.59,77,25.8254,0.5,2,26.5291,26.2369,,,,,,,,,,,,,,,
43957,ROC7,6,Exclos,7,9.5,,1,7.7,7.6,7.3,7.6,3.5,3.4,2,2.1,Oui,Oui,5,5,5.1,5.5,49.9,11.1668,Non,,,,-4.59,78,25.7767,0.5,3,26.6868,26.2787,,,,,,,,,,,,,,,
43957,ROC7,6,Exclos,9.5,12.5,,0,7,6.5,6.5,6.2,2,2.5,2.2,2.2,Oui,Oui,6.5,6.3,6,6.6,67.7,12.5483,Non,,,,-4.59,79,24.8262,0.5,3,25.9003,25.4742,,,,,,,,,,,,,,,
43957,ROC7,6,Exclos,12.5,18,,0,6.5,6.5,7,6.3,2.8,2.8,2.7,2.8,Oui,Oui,4.7,4,4.4,4.9,57.2,8.9545,Non,,,,-4.59,80,23.739,0.5,3,24.6867,24.2541,,,,,,,,,,,,,,,
43957,ROC8,6,Exclos,0,2,,0,2.4,2,0.4,0.5,2,2,1,0.7,Oui,Oui,4,4.5,4.2,4.5,13.2,5.9735,Oui,,,,-4.59,81,25.7698,0.5,1,26.2854,26.1917,,,,,,,,,,,,,,,
43957,ROC8,6,Exclos,2,4,,0,2.5,2.7,2.8,3,2.5,2.2,2.5,2.5,Oui,Oui,3.6,3.9,4,3.7,22.8,10.6075,Oui,,,,-4.59,82,28.4866,0.5,2,29.5746,29.4346,,,,,,,,,,,,,,,
43957,ROC8,6,Exclos,4,7,,1,2.7,2.8,3,3.1,2.6,3,2.8,2.7,Oui,Oui,4.5,4,4,4,20.6,5.8339,Oui,,,,-4.59,83,27.592,0.5,3,28.7058,28.3655,,,,,,,,,,,,,,,
43957,ROC8,6,Exclos,7,10,,0,2.9,3.4,3.4,3.4,2.7,2.5,2.7,2.4,Oui,Oui,4.5,4.5,4.6,4.5,27.1,9.7141,Oui,,,,-4.59,84,24.2313,0.5,3,25.5836,25.3265,,,,,,,,,,,,,,,
43957,ROC8,6,Exclos,10,14,,0,4.7,4.8,4.4,4.5,2.6,2.4,2.5,2.7,Oui,Oui,3.7,4.1,3.6,3.8,45,17.0984,Oui,,,,-4.59,85,24.0794,0.5,4,26.0586,25.7133,,,,,,,,,,,,,,,
43957,ROC8,6,Exclos,14,17,,0,2.5,2.3,2.5,2.6,2.5,2,2.5,2.1,Oui,Oui,3.3,3.2,3.5,3.5,28.5,14.0471,Oui,,,,-4.59,86,25.2837,0.5,4,27.3877,27.1333,Peut-etre 3 cuillers,,,,,,,,,,,,,,
43959,ROC7,4,Exclos,0,4,,0,2.7,2.7,3.5,3.7,4.3,4.1,5,4.6,Oui,Oui,4.5,4.5,4,3.5,15.2,5.2,Non,,,,-4.59,87,26.7116,0.5,2,27.4791,27.1995,,,,,,,,,,,,,,,
43959,ROC7,4,Exclos,4,6.5,,1,6,6.3,7,6.6,1.7,1.6,3,2.6,Oui,Oui,5,5.4,5.5,6.1,62.6,17.6,Non,,,,-4.59,88,23.8206,0.5,3,25.0111,24.6841,,,,,,,,,,,,,,,
43959,ROC7,4,Exclos,6.5,12,,0,5,5.1,5,5.7,4.5,4.6,4.7,4.4,Oui,Oui,7,7,6.6,7,133.1,24.4,Non,,,,-4.59,89,26.5157,0.5,3,27.54,27.1498,,,,,,,,,,,,,,,
43959,ROC7,4,Exclos,12,15,,0,5.6,7,6,7.5,3.4,4.6,3.4,4.5,Oui,Oui,10.5,10.7,11.3,11.6,250.3,72.8,Non,,,,-4.59,90,28.211,0.5,4,29.6283,29.2022,,,,,,,,,,,,,,,
43959,ROC6,4,Temoin,0,3,Oui,0,2.4,2.9,2.4,2.9,2,1.6,1.3,1.4,Oui,Oui,2.8,3.6,3.2,3.2,6.1,2.1,Oui,,,,-4.59,91,22.3504,0.25,2,22.6366,22.5649,,,,,,,,,,,,,,,
43959,ROC6,4,Temoin,3,4.5,,0,1.8,1.8,2,2.1,1.9,1.6,1.7,1.4,Oui,Oui,3.3,3.1,3.7,3.1,14,8.7,Oui,,,,-4.59,92,28.5672,0.5,2,29.7773,29.7219,,,,,,,,,,,,,,,
43959,ROC6,4,Temoin,4.5,10,,1,2.9,3.3,3,3.2,1.4,1.6,1.6,0.8,Oui,Oui,6.3,5.9,5.4,5.8,24.8,9.7,Oui,,,,-4.59,93,27.1695,0.5,2,28.1971,28.0318,,,,,,,,,,,,,,,
43959,ROC6,4,Temoin,10,13,,0,3.4,3.2,3.7,3,1.9,1.8,1.7,1.4,Oui,Oui,3.9,4.4,4,4,30.9,16.3,Oui,,,,-4.59,94,27.0795,0.5,3,28.7278,28.5661,,,,,,,,,,,,,,,
43959,ROC6,4,Temoin,13,18,,0,3,3.6,3.4,3.6,2.5,0.7,2,0.8,Oui,Oui,4.7,5.1,5.3,5.4,37.7,17.5,Oui,,,,-4.59,95,27.5869,0.5,4,29.5728,29.3338,,,,,,,,,,,,,,,
43959,ROC3,10,Exclos,0,2,,0,3,4,4.3,5.1,2,1.8,2.5,3,Oui,Oui,4.2,4.2,3.8,4.2,26.5,5.2,Non,,,,-4.59,96,29.7239,0.5,1,30.0007,29.8403,,,,,,,,,,,,,,,
43959,ROC3,10,Exclos,2,4,,1,5.4,5.1,6.5,5.5,2.9,2.8,2.3,2.8,Oui,Oui,4.7,4.5,4.8,4.2,39.8,8.9,Non,,,,-4.59,97,25.5555,0.5,2,26.3348,25.95,,,,,,,,,,,,,,,
43959,ROC3,10,Exclos,4,9,,0,3.5,5,3.9,5.2,4.2,4.2,4.2,5,Oui,Oui,6.8,7,8,7.8,95.2,22.1,Non,,,,-4.59,98,26.7719,0.5,5,28.4994,27.6233,,,,,,,,,,,,,,,
43959,ROC3,10,Exclos,9,11,,0,6.4,7.5,6.3,8.4,1.2,2,3,4,Oui,Oui,6,5.2,7,5.6,122.9,36.2,Non,,,,-4.59,99,28.0269,0.5,5,30.0578,29.2754,,,,,,,,,,,,,,,
43962,H1,PO,Temoin,0,2,Oui,0,2.7,2.7,3,2.7,2.3,2,2,2.1,Oui,Oui,1.7,2,2.4,2.2,1.4,1.1436,Oui,,,,-4.59,100,,,,,,,,,,,,,,,,,,,,
43962,H1,PO,Temoin,2,6,,0,2.5,2.5,2.9,3.4,2.5,2.5,2.3,3,Oui,Oui,3.4,3.1,3,3,6,3.8582,Oui,,,,-4.59,101,,,,,,,,,,,,,,,,,,,,
43962,H1,PO,Temoin,6,10,,0,3,3,3.1,3.3,2.7,2.5,2.5,2.4,Oui,Oui,2.6,3.2,3.1,3.6,32.9,23.1567,Oui,,,,-4.59,102,,,,,,,,,,,,,,,,,,,,
43962,H1,PO,Temoin,10,12,,0,2.6,1.1,2,1.9,1.7,1.9,1.6,1.3,Oui,Oui,3.8,3.7,3.2,4,15,10.3243,Oui,,,,-4.59,103,,,,,,,,,,,,,,,,,,,,
43962,F1,PO,Temoin,0,2,,0,3.4,3.4,3.5,3.2,1.7,1.4,1.5,2,Oui,Oui,5.6,5.2,4.9,5.7,5.4,3.7468,Non,,,,-4.59,104,,,,,,,,,,,,,,,,,,,,
43962,F1,PO,Temoin,2,4.5,,0,5,5.5,5.5,5.7,2.6,2.2,1.6,1.8,Oui,Oui,5,6,5.8,6,17.9,9.6889,Non,,,,-4.59,105,,,,,,,,,,,,,,,,,,,,
43962,F1,PO,Temoin,4.5,6,,0,4.5,5,5,5.5,2.2,2.6,2.1,2.3,Oui,Oui,6.1,5.5,5.4,7.5,64.1,43.2356,Non,,,,-4.59,106,,,,,,,,,,,,,,,,,,,,
43962,F1,PO,Temoin,6,10,,0,3.5,3.7,4,4.2,3.8,3,3.3,3.1,Oui,Oui,7,6,7.5,7.4,118.2,94.8132,Non,,,,-4.59,107,,,,,,,,,,,,,,,,,,,,
43962,ROC3,6,Exclos,0,2,Oui,0,3.1,3.8,2.8,4,2.2,2.3,2,2.6,Oui,Oui,5.5,5.4,5.9,4.9,7.3,1.9029,Non,,,,-4.59,108,24.7548,0.25,2,24.9705,24.8345,,,,,,,,,,,,,,,
43962,ROC3,6,Exclos,2,4,,0,3.4,4,3.4,4.4,1.5,1.4,1.8,1.9,Oui,Oui,7,6.5,6.6,7.2,11.9,2.8254,Non,Peut-être le même que l'horizon redox suivant,,,-4.59,109,27.7735,0.25,2,27.9977,27.8633,,,,,,,,,,,,,,,
43962,ROC3,6,Exclos,4,7,,1,4.5,5.1,4.7,5.6,3.1,3.1,2.5,2.9,Oui,Oui,6,6.5,5.5,6.1,37.4,8.6031,Non,,,,-4.59,110,24.8267,0.5,2,25.4169,25.0587,,,,,,,,,,,,,,,
43962,ROC3,6,Exclos,7,9,,0,5.4,5.7,5.4,5.9,2.7,2.9,2.4,2.6,Oui,Oui,5.7,5.5,5.7,5.9,35.2,7.6424,Non,,,,-4.59,111,26.1898,0.5,2,26.7331,26.3751,,,,,,,,,,,,,,,
43962,ROC3,6,Exclos,9,13,,0,5.1,4.9,5.4,5.2,3.7,3.5,3.6,3.6,Oui,Oui,4.8,5,5.4,5,84.2,24.5211,Non,,,,-4.59,112,23.6065,0.5,4,25.2507,24.6037,,,,,,,,,,,,,,,
43962,ROC7,4,Temoin,0,2,Oui,0,5.5,5.8,5.5,6.1,1.5,1.5,2,1.7,Oui,Oui,7.5,7.6,7,7.5,16.6,5.2406,Non,,,,-4.59,113,24.2421,0.5,2,24.9623,24.6265,,,,,,,,,,,,,,,
43962,ROC7,4,Temoin,2,5,,1,7.1,7.5,7.5,7.8,2.3,2.9,2.3,2.8,Oui,Oui,7.2,6.8,7.3,7.4,102.1,24.3512,Non,,,,-4.59,114,26.6115,0.5,4,28.3802,27.8786,,,,,,,,,,,,,,,
43962,ROC7,4,Temoin,5,8,,0,5.9,6,5.3,5.7,2.5,2.5,2.9,2.8,Oui,Oui,7,7.2,7.5,7.5,84.2,13.5787,Non,,,,-4.59,115,28.1283,0.5,4,29.6425,28.9569,,,,,,,,,,,,,,,
43962,ROC7,4,Temoin,8,15,,0,7,7.2,6.7,7.1,1.9,3.5,1.4,1.4,Oui,Oui,9.2,8.6,8.7,8.5,100.3,21.0576,Non,,,,-4.59,116,26.9103,0.5,4,28.5313,27.9849,,,,,,,,,,,,,,,
43962,ROC7,4,Temoin,15,20,,0,6.4,6.5,6.9,6.2,2.3,2.4,3.9,3.1,Oui,Oui,5,5.2,5.2,5,84,27.9455,Non,,,,-4.59,117,25.4898,0.5,4,27.0071,26.6846,,,,,,,,,,,,,,,
43963,ROC8,4,Temoin,0,3,,0,6.2,5,6.6,7.2,3.5,3,2.4,3,Oui,Oui,4,5.8,4,5.6,70.1,22.6785,Non,Potentiellement traitement 6? Faire attention!,0.358499999999999,26.91,22.32,118,23.5381,0.5,4,25.4,25.0713,,,,,,,,,,,,,,,
43963,ROC8,4,Temoin,3,6,,1,3.8,4.7,3.8,4.9,4,3.2,2.6,3,Oui,Oui,6.5,6.5,6,6.7,122.4,65.6696,Non,,0.729600000000005,69.53,64.94,119,26.9166,0.5,5,29.8406,29.6481,,,,,,,,,,,,,,,
43963,ROC8,4,Temoin,6,11,,0,4.5,4.6,4.5,4.1,3.3,3.7,4.1,4,Oui,Oui,5.5,5.5,5.6,5.7,97,37.6176,Non,,0.717599999999997,41.49,36.9,120,24.6415,0.5,5,27.2921,26.9835,,,,,,,,,,,,,,,
43963,ROC8,4,Temoin,11,16,,0,4.5,4.3,4.5,4.1,2,2,2.3,2.2,Oui,Oui,7.1,5.6,6,6.7,103.8,71.0066,Non,,0.766600000000011,74.83,70.24,121,23.6061,0.5,5,26.5859,26.4336,,,,,,,,,,,,,,,
43963,33,PS,Temoin,0,3.5,,0,3,5.3,4.8,4.3,2,3.2,3,2.9,Oui,Oui,7,7,6,5.8,55.4,42.1276,Non,,,,-4.59,122,,,,,,,,,,,,,,,,,,,,
43963,33,PS,Temoin,3.5,5.5,,1,6.5,6.8,7.2,7,1.5,2,2.3,2.8,Oui,Oui,4.7,4.2,4.5,5,49,30.9618,Non,Valeur de poids frais mauvaise,,,-4.59,123,,,,,,,,,,,,,,,,,,,,
43963,33,PS,Temoin,5.5,7.5,,1,5,5.6,4.8,5.2,2.7,2.2,2.4,2.1,Oui,Oui,6.9,7.2,7.3,7.5,101.9,72.9923,Non,,,,-4.59,124,,,,,,,,,,,,,,,,,,,,
43963,33,PS,Temoin,7.5,11,,0,5,5.6,4.9,5.2,3.9,3,3.8,2.9,Oui,Oui,7.6,7.2,7.2,7.3,104.8,68.2037,Non,,,,-4.59,125,,,,,,,,,,,,,,,,,,,,
43963,33,PS,Temoin,11,15,,1,3.7,3.8,4,4.3,3.5,3.5,4.5,3.3,Oui,Oui,7.2,6.7,6.8,7.2,127.9,89.9002,Non,,,,-4.59,126,,,,,,,,,,,,,,,,,,,,
43963,33,PS,Temoin,15,17,,0,3.2,3.1,3.5,3.5,2.2,2.3,2.3,2.3,Non,Non,4,4.8,5,4,44.8,32.6255,Non,,,,-4.59,127,,,,,,,,,,,,,,,,,,,,
43963,ROC6,6,Exclos,0,4,Oui,0,3,2.8,,,4,4,,,Oui,Oui,3.2,3.8,,,4,1.627,Non,,,,-4.59,128,26.8335,0.25,2,27.054,26.9484,,,,,,,,,,,,,,,
43963,ROC6,6,Exclos,4,6,,0,2.6,2.5,2.5,2.5,2.6,2.6,2.7,2.9,Oui,Oui,3,3.5,3.8,3.5,11.9,4.4907,Non,,,,-4.59,129,26.3343,0.5,2,27.0781,26.8485,,,,,,,,,,,,,,,
43963,ROC6,6,Exclos,6,8,,1,2.4,3,2.3,2.5,2.1,2.2,2.3,2.5,Oui,Oui,3.5,4,3.9,3.8,25.7,13.9735,Non,,,,-4.59,130,28.4212,0.5,4,30.7718,30.4995,,,,,,,,,,,,,,,
43963,ROC6,6,Exclos,8,12,,0,3.6,4.2,3,4,2.5,2.4,2.3,2.2,Oui,Oui,5.9,5.2,4.6,5.6,39.2,19.7429,Non,,,,-4.59,131,27.8737,0.5,4,30.0372,29.7156,,,,,,,,,,,,,,,
43963,ROC6,6,Exclos,12,17,,0,3.5,3.6,3.3,3.7,3.7,3.7,3.5,3,Oui,Oui,4.2,4.7,5,4.7,69.9,38.6833,Non,,,,-4.59,132,25.0342,0.5,4,27.2485,26.9933,,,,,,,,,,,,,,,
43964,ROC8,4,Exclos,0,2,Oui,0,2.7,3.2,3,2.8,1.5,2.3,1.5,2,Non,Non,6.5,6,7,6,6.2,3.0899,Non,,,,-4.59,133,27.1747,0.5,1,27.6231,27.4878,,,,,,,,,,,,,,,
43964,ROC8,4,Exclos,2,3.5,,0,4.5,4.6,4.9,5.3,1.4,1.4,1.6,1.5,Oui,Oui,4.8,5.5,4.9,5.7,31.2,17.9819,Non,,,,-4.59,134,27.6401,0.5,3,29.4548,29.2988,,,,,,,,,,,,,,,
43964,ROC8,4,Exclos,3.5,5,,1,6.7,6.5,6,7.5,1.8,1.5,2.5,2.8,Oui,Oui,11,11,10.5,10.5,102,57.4229,Non,,,,-4.59,135,28.5711,0.5,4,30.8653,30.6408,,,,,,,,,,,,,,,
43964,ROC8,4,Exclos,5,10,,0,4.1,4,4.6,4.7,5,4.4,4.9,4.7,Oui,Oui,8.1,8.1,7.9,7.3,139.8,72.9088,Non,,,,-4.59,136,22.3531,0.5,4,24.6437,24.4158,,,,,,,,,,,,,,,
43964,ROC8,4,Exclos,10,15,,0,3.7,4.4,4,4.6,4.1,4.2,3.3,3.4,Oui,Oui,7.5,7.6,7.3,7.2,111.6,59.3383,Non,,,,-4.59,137,25.4476,0.5,4,27.5897,27.3433,,,,,,,,,,,,,,,
43964,ROC3,1,Temoin,0,2,Oui,0,4.2,3.5,3.5,3.7,2.5,1.5,2,1.9,Oui,Oui,4.9,4.5,4.2,3.8,17.4,3.5777,Non,,,,-4.59,138,26.8206,0.5,2,27.3775,27.1237,,,,,,,,,,,,,,,
43964,ROC3,1,Temoin,2,6,,1,6.5,6,6.7,6.7,4.3,4,4.1,3.6,Oui,Oui,4.1,4.6,4.9,4.6,97.4,13.7787,Non,,,,-4.59,139,28.5783,0.5,4,29.8282,29.1266,,,,,,,,,,,,,,,
43964,ROC3,1,Temoin,6,9,,0,5.7,5.9,5.5,5.9,2.3,2.5,2.8,3,Oui,Oui,3.7,4.5,3.9,4.8,56.3,8.949,Non,,,,-4.59,140,24.9148,0.5,4,26.1558,25.4824,,,,,,,,,,,,,,,
43964,ROC3,1,Temoin,9,15,,0,4,4.3,4.5,4.2,4,4.1,4,4.7,Oui,Oui,5.7,5.4,6.2,6,112.4,28.5546,Non,,,,-4.59,141,27.3599,0.5,4,28.9345,28.3205,,,,,,,,,,,,,,,
43964,ROC3,1,Temoin,15,20,,0,3.4,3.5,3,3.5,2.5,2.7,2.8,2.9,Oui,Oui,3.1,3.2,3.2,3.4,46.7,27.3661,Non,,,,-4.59,142,28.6654,0.5,4,30.7635,30.4766,,,,,,,,,,,,,,,
43964,ROC6,6,Temoin,0,3,Oui,0,3.6,4.1,3.9,4,2.4,3.5,2.4,2.5,Oui,Oui,6.2,6.3,4,6,37,11.5987,Non,,,,-4.59,143,25.0347,0.5,3,26.3004,25.9333,,,,,,,,,,,,,,,
43964,ROC6,6,Temoin,3,6,,1,4.5,4.7,5.3,5.2,2.7,2.7,3.1,2.5,Oui,Oui,5.5,5.1,4.8,4.5,84.2,33.8195,Non,,,,-4.59,144,26.6667,0.5,4,28.7197,28.406,,,,,,,,,,,,,,,
43964,ROC6,6,Temoin,6,9,,0,5,5.7,5,6,3.1,3,3.1,2.9,Oui,Oui,5.3,5.6,5.2,5.8,111.8,42.8058,Non,,,,-4.59,145,27.874,0.5,4,29.7185,29.3863,,,,,,,,,,,,,,,
43964,ROC6,6,Temoin,9,19,,0,5,4.5,5.1,4.7,2.9,3,3.2,3.2,Oui,Oui,5.6,5,5.3,5.2,118.4,68.266,Non,,,,-4.59,146,28.2692,0.5,4,30.5396,30.3372,,,,,,,,,,,,,,,
43965,33,PS,Exclos,0,1.5,,0,3.4,4,3.4,4.1,0.8,1.5,1.2,1.3,Oui,Oui,5,5,4.5,4.7,14,8.4284,Non,,,,-4.59,147,,,,,,,,,,,,,,,,,,,,
43965,33,PS,Exclos,1.5,2.5,,0,3.7,4.2,4,4.5,0.9,1.4,1.3,1.3,Oui,Oui,6.2,6,6,6.1,30.1,19.8224,Non,,,,-4.59,148,,,,,,,,,,,,,,,,,,,,
43965,33,PS,Exclos,2.5,4,,1,5.7,5.5,6.2,6,1.7,2.2,1.5,1.6,Oui,Oui,4,3.7,4.5,4,31.4,18.5036,Non,,,,-4.59,149,,,,,,,,,,,,,,,,,,,,
43965,33,PS,Exclos,4,8,,0,4,3.1,3.7,3,3.8,3.8,3.7,3.7,Oui,Oui,5.7,5.9,4.9,5.2,78.5,47.4934,Non,,,,-4.59,150,,,,,,,,,,,,,,,,,,,,
43965,33,PS,Exclos,8,14,,0,6.6,6.4,6.2,6.4,3.3,3.5,3.6,3.7,Oui,Oui,8.3,9.3,9.6,9.1,57.2,38.4442,Non,,,,-4.59,151,,,,,,,,,,,,,,,,,,,,
43965,ROC6,10,Exclos,0,4,Oui,0,4,4,4.7,4.3,4.3,4,4,2.6,Oui,Oui,5,5,6.1,4.5,37.6,15.6054,Non,,,,-4.59,152,25.0264,0.5,4,26.8754,26.4292,,,,,,,,,,,,,,,
43965,ROC6,10,Exclos,4,8,,0,2.8,2.8,3.1,3.6,4.6,3.6,4.2,3.7,Oui,Oui,5.5,5.8,6.4,6,63.3,32.1277,Non,,,,-4.59,153,26.5617,0.5,4,28.9052,28.6147,,,,,,,,,,,,,,,
43965,ROC6,10,Exclos,8,13,,1,3.3,3.6,3,2.8,4.8,5,4.4,4.8,Oui,Oui,5.5,6,6.6,7.8,117.5,57.6862,Non,,,,-4.59,154,26.2857,0.5,4,28.5129,28.2181,,,,,,,,,,,,,,,
43965,ROC6,10,Exclos,13,20,,0,3,3.2,2.5,2.7,6,6.1,6,5.7,Oui,Oui,2.9,3.1,4,4.4,77.2,43.0135,Non,,,,-4.59,155,23.6069,0.5,4,25.9216,25.656,,,,,,,,,,,,,,,
43965,26,PA,Exclos,0,2,Oui,0,3.5,3.5,3.7,3.7,2.7,2.5,2,2,Oui,Oui,5.1,4.5,4.2,3.6,10,4.6227,Non,,,,-4.59,156,,,,,,,,,,,,,,,,,,,,
43965,26,PA,Exclos,2,6.5,,0,5.1,4.7,5.2,5,4,3.8,3.4,3.6,Oui,Oui,4.2,3.7,5.1,4.8,60.3,33.9241,Non,,,,-4.59,157,,,,,,,,,,,,,,,,,,,,
43965,26,PA,Exclos,6.5,8.5,,1,4.4,5,5.4,5.5,2.7,2,2.6,2,Oui,Oui,4.8,6.3,7,5.6,57.3,18.9123,Non,,,,-4.59,158,,,,,,,,,,,,,,,,,,,,
43965,26,PA,Exclos,8.5,14,,0,4.3,5.3,4.3,5,3.1,3,2.9,2.7,Oui,Oui,9,9.1,9.6,9.6,168.4,80.7689,Non,,,,-4.59,159,,,,,,,,,,,,,,,,,,,,
43965,26,PA,Exclos,14,20,,0,3.6,3.8,3.3,3.7,4.2,4,3.7,3.6,Oui,Oui,5.4,5.8,4.5,4.8,116.5,79.5022,Non,,,,-4.59,160,,,,,,,,,,,,,,,,,,,,
43966,E1,PO,Temoin,0,2,Oui,0,3.5,4,4,4.7,2,1.5,1.5,1.8,Oui,Oui,6.5,5.5,5.6,6.2,7.9,2.8078,Non,,,,-4.59,161,,,,,,,,,,,,,,,,,,,,
43966,E1,PO,Temoin,2,6,,0,5.9,5.5,6.3,6.4,3.2,4,3.8,4.4,Oui,Oui,4.9,7.3,6.2,7.5,54.9,21.2859,Non,,,,-4.59,162,,,,,,,,,,,,,,,,,,,,
43966,E1,PO,Temoin,6,10,,0,4.5,4.6,4.9,5,3.9,3.9,4,4.2,Oui,Oui,8.8,8,8,9,155.1,86.0713,Non,,,,-4.59,163,,,,,,,,,,,,,,,,,,,,
43966,E1,PO,Temoin,10,13,,0,3.2,4,4,4.1,3.9,3.5,2.9,2.6,Oui,Oui,5.3,5.2,5.5,5.6,120,87.2259,Non,,,,-4.59,164,,,,,,,,,,,,,,,,,,,,
43966,E1,PO,Exclos,0,3,Oui,0,4.4,5.3,3.9,4.7,2.5,3,2.7,3,Oui,Oui,6.5,6.1,6.1,6,15.5,7.3756,Non,,,,-4.59,165,,,,,,,,,,,,,,,,,,,,
43966,E1,PO,Exclos,3,7,,0,5.5,5.8,6,6.2,4.2,4,4.7,4.5,Oui,Oui,6,5.7,5.8,5,103.1,53.023,Non,,,,-4.59,166,,,,,,,,,,,,,,,,,,,,
43966,E1,PO,Exclos,7,12,,0,5.2,4.9,4.4,4.5,4.7,4.6,5.1,5.3,Oui,Oui,4.3,4.4,4.4,4.2,130.5,80.4523,Non,,,,-4.59,167,,,,,,,,,,,,,,,,,,,,
43966,D1,PR,Temoin,0,2,,0,5.3,5.7,5.9,5.7,2.4,2.7,2.2,2,Oui,Oui,3.1,3.7,3.4,3.8,18.7,4.7206,Non,,,,-4.59,168,,,,,,,,,,,,,,,,,,,,
43966,D1,PR,Temoin,2,5,,0,5.6,5.7,5.9,5.5,2,2.3,2.8,2.4,Oui,Oui,4,4.7,4.4,4.6,28.6,7.4663,Non,,,,-4.59,169,,,,,,,,,,,,,,,,,,,,
43966,D1,PR,Temoin,5,8,,0,5.2,5.6,5.5,5.2,4.4,4.7,3,3.2,Oui,Oui,4.1,4.5,4.4,4.2,69.8,26.4013,Non,,,,-4.59,170,,,,,,,,,,,,,,,,,,,,
43966,D1,PR,Temoin,8,10.5,,0,5.3,5.2,5.8,6,3.3,3.6,3,2.6,Oui,Oui,3.8,3.7,4.5,4,98.8,41.9907,Non,,,,-4.59,171,,,,,,,,,,,,,,,,,,,,
43970,G1,PO,Exclos,0,2,Oui,0,3.8,3.8,4.1,3.7,2.3,2,2,1.8,Oui,Oui,4.3,4.5,4.4,3.7,2.6027,1.8964,Non,,,,-4.59,172,,,,,,,,,,,,,,,,,,,,
43970,G1,PO,Exclos,2,4.5,,0,4.9,4.4,5.3,5.1,3.2,3.5,5.5,2.9,Oui,Oui,5.7,5.3,5.7,5.3,26.1,13.7563,Non,,,,-4.59,173,,,,,,,,,,,,,,,,,,,,
43970,G1,PO,Exclos,4.5,13,,0,4.5,3.7,5,5,4.2,3.6,4.3,3.2,Oui,Oui,5.1,4.9,4.4,4.4,103.7,73.4266,Non,,,,-4.59,174,,,,,,,,,,,,,,,,,,,,
43970,G1,PO,Exclos,13,17,,0,3.4,3.4,3.4,3.1,2.3,3.1,1.7,2.4,Oui,Oui,4.6,5.1,4.8,4.3,47.4,32.4454,Non,,,,-4.59,175,,,,,,,,,,,,,,,,,,,,
43970,C1,PR,Temoin,0,2.5,Oui,0,3.9,4.5,4.7,5.2,2.8,2.8,3,2.7,Oui,Oui,6.6,6,5.6,5.5,10.5,6.9143,Non,,,,-4.59,176,,,,,,,,,,,,,,,,,,,,
43970,C1,PR,Temoin,2.5,4,,0,5,4.9,5.2,5.7,2.4,3.1,2,2.6,Oui,Oui,6.2,5,5,5.9,25.5,11.7056,Non,,,,-4.59,177,,,,,,,,,,,,,,,,,,,,
43970,C1,PR,Temoin,4,8,,0,4.7,4.2,4.8,4.5,2,2.1,1.5,2.4,Oui,Oui,4.7,5.4,5,5,41.8,27.3893,Non,,,,-4.59,178,,,,,,,,,,,,,,,,,,,,
43970,C1,PR,Temoin,8,13,,0,3.8,3.9,3.5,3.5,5.2,5.1,4.7,4.9,Oui,Oui,4.7,4.9,4.8,4.5,159.8,122.6,Non,,,,-4.59,179,,,,,,,,,,,,,,,,,,,,
43970,B1,PR,Temoin,0,3,,0,3.4,4,4.3,4.7,3.5,4,2.5,2.6,Oui,Oui,3.1,4.3,4.6,4.5,7,5.4113,Non,,,,-4.59,180,,,,,,,,,,,,,,,,,,,,
43970,B1,PR,Temoin,3,8,,0,4.7,5.3,5,5.4,3.6,3.2,4.5,4,Oui,Oui,4.4,4.3,5.2,5.3,22.9,11.7775,Non,,,,-4.59,181,,,,,,,,,,,,,,,,,,,,
43970,B1,PR,Temoin,7.5,11,,0,4.8,4,5.5,5,3,3.4,2.4,2.7,Oui,Oui,6.3,6,6,7,58.3,37.9261,Non,,,,-4.59,182,,,,,,,,,,,,,,,,,,,,
43970,B1,PR,Temoin,11,15,,0,1.7,1.8,1.9,1.8,3.9,4.2,3.7,3.8,Oui,Oui,4,4,3.9,4,52.5,42.2315,Non,,,,-4.59,183,,,,,,,,,,,,,,,,,,,,
43972,35,PS,Temoin,0,2.5,Oui,0,2.9,3,2.5,3.8,1.3,1.8,1.9,1.8,Oui,Oui,4.2,4,4.3,4.4,24.1,12.9903,Non,,,,-4.59,184,,,,,,,,,,,,,,,,,,,,
43972,35,PS,Temoin,2.5,5,,1,6,5.5,6,5.7,1.8,1.7,2,1,Oui,Oui,7.6,7.1,7.3,7.8,60.2,24.0974,Non,,,,-4.59,185,,,,,,,,,,,,,,,,,,,,
43972,35,PS,Temoin,5,8,,1,3.4,3.3,3.4,2.6,2.8,2.8,3,3.5,Oui,Oui,6.9,7,6,6.4,96.3,71.526,Non,,,,-4.59,186,,,,,,,,,,,,,,,,,,,,
43972,35,PS,Temoin,8,11,,0,2.9,3.6,3.2,3.8,3.4,3.7,2.9,2.9,Oui,Oui,5.8,5.9,6.3,6.4,88.8,47.3946,Non,,,,-4.59,187,,,,,,,,,,,,,,,,,,,,
43972,35,PS,Temoin,11,17,,0,2.5,2.5,3.4,3.5,3.8,3.8,4.8,4.3,Oui,Oui,4.5,4.6,4,4.3,78.1,43.1512,Non,,,,-4.59,188,,,,,,,,,,,,,,,,,,,,
43972,C1,PR,Exclos,0,4,Oui,0,4.6,5.2,5,5.5,3.9,3,3.7,3.2,Oui,Oui,6,6,5.5,5.5,13.2,5.7299,Non,,,,-4.59,189,,,,,,,,,,,,,,,,,,,,
43972,C1,PR,Exclos,4,8,,0,5.7,5.2,4.8,5.2,3.6,4.1,3.5,3.8,Oui,Oui,6.5,5.7,5,5.4,92.1,47.2677,Non,,,,-4.59,190,,,,,,,,,,,,,,,,,,,,
43972,C1,PR,Exclos,8,10,,0,4.5,4,3.8,4.8,2,1.6,2.2,2.3,Oui,Oui,4.5,4.6,4.3,4.9,55.3,32.9563,Non,,,,-4.59,191,,,,,,,,,,,,,,,,,,,,
43972,C1,PR,Exclos,10,13,,0,4.5,4.7,4,4,2.9,2,2.5,2.6,Oui,Oui,5.8,6.3,5,5.5,125.8,97.6618,Non,,,,-4.59,192,,,,,,,,,,,,,,,,,,,,
43972,A1,PR,Exclos,0,4,Oui,0,5.3,5.7,5.5,5.6,2.9,2,3.2,2.2,Oui,Oui,6.9,6.7,7.1,6.6,22.4,6.4105,Non,,,,-4.59,193,,,,,,,,,,,,,,,,,,,,
43972,A1,PR,Exclos,4,9,,0,7,6.5,6.5,7.5,4.8,4.9,4.7,4,Oui,Oui,7.7,8.3,8.4,7,127.3,32.2402,Non,,,,-4.59,194,,,,,,,,,,,,,,,,,,,,
43972,A1,PR,Exclos,9,15,,0,4,4.3,3,3.7,4.5,5.1,4,3.6,Oui,Oui,8,7.7,6.4,7.7,128.4,52.8452,Non,,,,-4.59,195,,,,,,,,,,,,,,,,,,,,
43972,A1,PR,Exclos,15,22,,0,5,5.5,4.1,5,2,2.3,4,3.7,Oui,Oui,6.9,7.5,4.8,5.2,162.9,105.5,Non,,,,-4.59,196,,,,,,,,,,,,,,,,,,,,
43973,D1,PR,Exclos,0,5,Oui,0,3.5,3.9,3.8,3.6,2.3,2.3,1.4,1.5,Oui,Oui,4.4,4.2,5,4.6,11.1,3.6571,Oui,,,,-4.59,197,,,,,,,,,,,,,,,,,,,,
43973,D1,PR,Exclos,5,9,,0,3.2,3.8,2.5,3,3.5,3.6,2.8,3.5,Oui,Oui,3.6,3.8,4,3.5,23.1,6.9831,Oui,,,,-4.59,198,,,,,,,,,,,,,,,,,,,,
43973,D1,PR,Exclos,9,13,,0,2.6,3,2.9,3,2.3,3.1,3.1,3.4,Oui,Oui,3.9,3.7,4,3.5,37.2,13.9725,Oui,,,,-4.59,199,,,,,,,,,,,,,,,,,,,,
43973,A1,PR,Temoin,0,3,Oui,0,5.6,6,6.1,6,2.1,2.9,2.3,3.1,Oui,Oui,7,8.5,8.6,6.8,20.7,4.4777,Non,,,,-4.59,200,,,,,,,,,,,,,,,,,,,,
43973,A1,PR,Temoin,3,8,,0,5,6.7,6.8,6.8,4.2,4,3,4.9,Oui,Oui,6.9,7.2,8.4,9,84.5,18.567,Non,,,,-4.59,201,,,,,,,,,,,,,,,,,,,,
43973,A1,PR,Temoin,8,11,,0,6,6.9,5.2,7.4,3,1.9,3.6,2.5,Oui,Oui,7.7,7.8,7.3,8.5,141.2,57.7864,Non,,,,-4.59,202,,,,,,,,,,,,,,,,,,,,
43973,A1,PR,Temoin,11,15,,0,4.2,4.2,3.9,3.8,2.5,2.3,2.2,2,Oui,Oui,6.8,7.3,7.2,7.3,110,80.9248,Non,,,,-4.59,203,,,,,,,,,,,,,,,,,,,,
43973,G1,PO,Temoin,0,2,,0,4,5.8,4.5,5.2,2,2.1,1.6,2.3,Oui,Oui,6.7,5.5,6,7,16.4,5.9272,Non,,,,-4.59,204,,,,,,,,,,,,,,,,,,,,
43973,G1,PO,Temoin,2,4.5,,0,4,4.8,5.2,4.5,2,2,2.1,2.2,Oui,Oui,6.9,6.6,6.4,6.8,14.8,4.8959,Non,,,,-4.59,205,,,,,,,,,,,,,,,,,,,,
43973,G1,PO,Temoin,4.5,7,,0,7.6,7.2,7.3,6.8,2.7,2.8,3.5,3.5,Oui,Oui,8.1,8.1,8,7.6,79.4,27.0538,Non,,,,-4.59,206,,,,,,,,,,,,,,,,,,,,
43973,G1,PO,Temoin,7,9,,0,7,6.6,7,6.8,2.2,2.4,2.4,2.8,Oui,Oui,7,7.5,7.3,7.5,91.4,43.6831,Non,,,,-4.59,207,,,,,,,,,,,,,,,,,,,,
43973,G1,PO,Temoin,9,15,,0,3.5,3.7,3.8,3.9,3.6,3.7,3.4,3.8,Oui,Oui,5.7,5.8,7.1,7,175.7,142.3,Non,,,,-4.59,208,,,,,,,,,,,,,,,,,,,,
43976,43,PA,Temoin,0,1.5,Oui,0,4.6,4.7,4.4,4.6,1.2,1.8,1.5,1.3,Oui,Oui,6.4,6.5,5.9,6.3,19,8.4633,Non,,,,-4.59,209,,,,,,,,,,,,,,,,,,,,
43976,43,PA,Temoin,1.5,4.5,,0,5.2,4.9,4.8,4.7,2.3,2.6,2.2,2.7,Oui,Oui,7.6,7.5,7.5,7.7,34.6,14.4422,Non,,,,-4.59,210,,,,,,,,,,,,,,,,,,,,
43976,43,PA,Temoin,4.5,10,,1,3.5,3.6,2.8,2.9,4.4,4.7,4.7,4.7,Oui,Oui,5.8,5.9,6,5.9,79.1,37.8927,Non,,,,-4.59,211,,,,,,,,,,,,,,,,,,,,
43976,43,PA,Temoin,10,15,,0,3.9,4.2,3.6,3.8,5.1,4.7,5,4.7,Oui,Oui,6,6.1,6.9,6.8,137.4,70.9541,Non,,,,-4.59,212,,,,,,,,,,,,,,,,,,,,
43976,43,PA,Temoin,15,18,,0,4.6,5.2,5.1,5.1,3,2.1,2.8,2.5,Oui,Oui,5.3,4.9,5.1,5,108.8,78.5877,Non,,,,-4.59,213,,,,,,,,,,,,,,,,,,,,
43976,H1,PO,Exclos,0,2,Oui,0,4.7,5.5,4.8,5,2,2,1.1,1.2,Oui,Oui,5.9,6.7,7,7,7.4,5.12,Non,,,,-4.59,214,,,,,,,,,,,,,,,,,,,,
43976,H1,PO,Exclos,2,5,,0,4,4.7,3.9,4.4,2,2.3,1.4,1.2,Oui,Oui,4.9,5.5,5,5.3,52.4,43.9,Non,,,,-4.59,215,,,,,,,,,,,,,,,,,,,,
43976,H1,PO,Exclos,5,12,,0,4.7,4.8,4.9,5,3,2.7,2.9,2.9,Oui,Oui,5.3,4.8,5.2,5.8,146.5,120.2,Non,,,,-4.59,216,,,,,,,,,,,,,,,,,,,,
43976,26,PA,Temoin,0,4,Oui,0,5.6,6.5,7.2,6.3,4,3.9,3,3,Oui,Oui,8.5,8.5,8.8,9.5,63.9,33.4576,Non,,,,-4.59,217,,,,,,,,,,,,,,,,,,,,
43976,26,PA,Temoin,4,6,,0,5.9,5.9,6.3,5.8,2.2,2.4,2.2,1.8,Oui,Oui,9,8.8,8.9,9,48,15.7336,Non,,,,-4.59,218,,,,,,,,,,,,,,,,,,,,
43976,26,PA,Temoin,6,8,,1,8.4,8.9,8.4,8.4,2,2.4,1.8,2.1,Oui,Oui,5.2,6.5,6,6.7,69.7,27.261,Non,,,,-4.59,219,,,,,,,,,,,,,,,,,,,,
43976,26,PA,Temoin,8,11,,0,4,4.2,4.1,3.9,3.8,3.9,3.6,3.2,Oui,Oui,7.5,7.2,7.1,7.4,136.1,78.1316,Non,,,,-4.59,220,,,,,,,,,,,,,,,,,,,,
43976,26,PA,Temoin,11,16,,0,3.9,4.2,3.3,3.8,5,4.7,4.8,4.8,Oui,Oui,5.9,6.1,5.8,5.8,174.8,123.7,Non,,,,-4.59,221,,,,,,,,,,,,,,,,,,,,
43978,ROC8,14,Exclos,0,5,Oui,0,5.5,5.3,5.8,5.3,4.7,4.8,4.3,4.3,Oui,Oui,4.6,5.4,4.7,5.6,101.5,26.744,Non,,,,-4.59,222,26.5757,0.5,4,28.3772,27.8536,,,,,,,,,,,,,,,
43978,ROC8,14,Exclos,5,7,,1,4.9,5,5,5,2.8,2.6,3,2.5,Oui,Oui,4.1,3.8,4,4,32.8,7.7733,Non,,,,-4.59,223,26.3801,0.5,2,27.2109,26.9267,,,,,,,,,,,,,,,
43978,ROC8,14,Exclos,7,10,,0,4.4,4.8,5,5,3.5,3.4,3.9,3.8,Oui,Oui,4.5,4.7,4.2,4.2,51.5,10.589,Non,,,,-4.59,224,24.4499,0.5,3,25.7743,25.329,,,,,,,,,,,,,,,
43978,ROC8,14,Exclos,10,15,,0,5,5.3,4.9,4.9,4.2,4.6,5,5.5,Oui,Oui,4.1,4.5,4.8,5.6,114.4,24.904,Non,,,,-4.59,225,22.7756,0.5,4,24.5467,24.0438,,,,,,,,,,,,,,,
43978,ROC8,14,Exclos,15,20,,0,3.8,3.8,3.4,3.5,3.7,4,4.2,4.4,Oui,Oui,5.1,5.3,4.7,4.8,85.7,27.6642,Non,,,,-4.59,226,25.2764,0.5,4,27.2528,26.8828,,,,,,,,,,,,,,,
43978,ROC8,6,Temoin,0,1.5,Oui,0,2.4,2.4,3.5,3,1.5,1.8,1.3,1,Oui,Oui,4.1,4,4.4,4.6,9.6,3.1214,Non,,,,-4.59,227,24.7153,0.25,3,25.0989,25.0037,,,,,,,,,,,,,,,
43978,ROC8,6,Temoin,1.5,4,,0,3.5,3.3,3.5,3.4,2.6,2.8,2.8,2.7,Oui,Oui,4.4,4.4,4.8,4.7,42.6,13.7414,Non,,,,-4.59,228,26.4808,0.5,3,27.8268,27.5888,,,,,,,,,,,,,,,
43978,ROC8,6,Temoin,4,7,,0,3.2,3.2,3.7,3.8,2.7,2.9,3.2,3,Oui,Oui,3.7,3.8,4.9,4.6,45.8,11.8644,Non,,,,-4.59,229,26.5474,0.5,3,27.8535,27.5836,,,,,,,,,,,,,,,
43978,ROC8,6,Temoin,7,12,,0,4,4.6,3.3,2.6,2.1,2.3,2.5,2.4,Oui,Oui,5.8,5.7,5.8,5.6,53.3,11.7198,Non,,,,-4.59,230,26.9224,0.5,3,27.9886,27.7129,,,,,,,,,,,,,,,
43978,ROC8,6,Temoin,12,20,,0,8.2,7.8,7.8,6,4.6,3.9,3.8,3.6,Oui,Oui,8.7,8.5,9.4,8.5,254,86.192,Non,,,,-4.59,231,26.3347,0.5,5,28.6407,28.2666,,,,,,,,,,,,,,,
43978,ROC6,4,Exclos,0,4,Oui,0,1.9,3.4,3.4,4.4,4,3.5,4.4,3.8,Oui,Oui,4.1,4.5,5.1,5.2,101,54.6962,Non,,,,-4.59,232,24.7166,0.5,4,27.382,27.1802,,,,,,,,,,,,,,,
43978,ROC6,4,Exclos,4,7,,1,5.1,5.7,6.7,6.6,3,2.8,3,3,Oui,Oui,5,4.8,6.5,6.7,101.5,48.298,Non,,,,-4.59,233,27.3128,0.5,4,29.7064,29.4673,,,,,,,,,,,,,,,
43978,ROC6,4,Exclos,7,10,,0,6.7,6.8,6.9,6.6,3.3,3.1,2.5,2.5,Oui,Oui,4,4.3,4.3,4.8,96.1,35.3996,Non,,,,-4.59,234,22.4837,0.5,4,24.6677,24.3248,,,,,,,,,,,,,,,
43978,ROC6,4,Exclos,10,15,,0,2.9,3.6,3.5,4,3.8,3.7,3.7,3.9,Oui,Oui,6.8,6.8,6.4,6.2,132.1,66.6739,Non,,,,-4.59,235,26.6659,0.5,4,29.1413,28.9194,,,,,,,,,,,,,,,
43978,ROC6,4,Exclos,15,20,,0,5.8,5,5.4,6.9,2.9,2.8,2.4,2.9,Oui,Oui,5.2,6,5.6,6.3,116.2,46.619,Non,,,,-4.59,236,27.5715,0.5,4,29.6748,29.3299,,,,,,,,,,,,,,,
43978,ROC6,4,Exclos,20,23,,0,3.3,3.7,5,4.8,2.4,2.3,2.7,2.7,Oui,Oui,3.6,4.2,4.5,4.1,67,23.205,Non,,,,-4.59,237,22.3532,0.5,4,24.2558,23.9009,,,,,,,,,,,,,,,
43980,ROC3,1,Exclos,0,2,Oui,0,4.4,6.8,4.8,6.8,2.8,3.2,2.8,3.7,Oui,Oui,4.4,6.5,4.5,5.7,19.4,4.4067,Non,,,,-4.59,238,27.5716,0.5,2,28.1934,27.7955,,,,,,,,,,,,,,,
43980,ROC3,1,Exclos,2,4,,0,4.6,5.3,4.3,4.5,1.6,1.9,2,2.2,Oui,Oui,5.8,5.4,5.5,5.4,19.1,3.6512,Non,,,,-4.59,239,24.716,0.5,2,25.3678,25.0426,,,,,,,,,,,,,,,
43980,ROC3,1,Exclos,4,6.5,,1,6.8,7.3,8,8,4.2,3.9,2.9,2.8,Oui,Oui,5,5,5.4,6.1,72.5,12.0385,Non,,,,-4.59,240,26.3345,0.5,4,27.8193,27.0155,,,,,,,,,,,,,,,
43980,ROC3,1,Exclos,6.5,9.5,,0,3.9,3.7,3.4,3.8,3.3,3,3,3.1,Oui,Oui,6.2,5.8,6.2,6.2,62.7,10.1806,Non,,,,-4.59,241,26.5491,0.5,4,27.8402,27.1044,,,,,,,,,,,,,,,
43980,ROC3,1,Exclos,9.5,15,,0,5,5,5.2,4.2,3.2,3.5,4.1,3.6,Oui,Oui,5.9,7,6.7,6.1,126.1,35.8814,Non,,,,-4.59,242,26.9161,0.5,4,28.3652,27.7113,,,,,,,,,,,,,,,
43980,ROC3,10,Temoin,0,2,Oui,0,3.7,2.9,3,2.2,2.5,2.5,2,2.1,Oui,Oui,3.5,2,3.4,2.3,8.2,1.1261,Non,,,,-4.59,243,26.4815,0.25,2,26.6296,26.5186,,,,,,,,,,,,,,,
43980,ROC3,10,Temoin,2,5,,1,3.9,4,4.8,4.4,2.8,3,3.4,3,Oui,Oui,4.7,4.7,4.8,4.8,43.7,5.9159,Non,,,,-4.59,244,26.834,0.5,4,28.0648,27.3088,,,,,,,,,,,,,,,
43980,ROC3,10,Temoin,5,8,,0,4,4.1,4.9,4.7,3.2,2.9,3.1,3,Oui,Oui,4.9,5,5.2,4.8,61.9,9.1054,Non,,,,-4.59,245,26.561,0.5,4,27.6996,27.0621,,,,,,,,,,,,,,,
43980,ROC3,10,Temoin,8,13,,0,4,4.2,3.8,3.9,3.8,4.3,4.2,4.6,Oui,Oui,5.4,5.3,5.2,5,88.9,21.6278,Non,,,,-4.59,246,28.4873,0.5,4,29.7953,29.2454,,,,,,,,,,,,,,,
43980,ROC3,10,Temoin,13,15,,0,4.2,4,3.8,3.7,1.8,1.6,2.2,2,Oui,Oui,8,8.7,8.1,8.2,73.2,30.5847,Non,,,,-4.59,247,24.6414,0.5,4,26.4613,26.0457,,,,,,,,,,,,,,,
43980,B1,PR,Exclos,0,2,Oui,0,3.7,4,4,4,2.1,2.2,2,2.1,Oui,Oui,4.4,4.7,5.6,5.8,8.1,2.0687,Non,,,,-4.59,248,,,,,,,,,,,,,,,,,,,,
43980,B1,PR,Exclos,2,5,,0,4.1,3.8,4.7,4.6,2.8,2.7,2.9,2.7,Oui,Oui,5.1,5.4,5.3,5.4,17,4.1088,Non,,,,-4.59,249,,,,,,,,,,,,,,,,,,,,
43980,B1,PR,Exclos,5,9,,1,4.4,5,3.5,4.3,3.8,3.9,4.1,3.7,Oui,Oui,5.4,5.3,5.9,5.5,31.3,6.0377,Non,,,,-4.59,250,,,,,,,,,,,,,,,,,,,,
43980,B1,PR,Exclos,9,11,,0,2.9,3.4,2.8,3.1,2.4,2.5,2.3,2.6,Oui,Oui,6,6.4,6.7,6.5,46.1,18.8864,Non,,,,-4.59,251,,,,,,,,,,,,,,,,,,,,
43980,B1,PR,Exclos,11,15,,0,2.3,2.4,2.5,2.2,4.1,3.9,3.9,3.8,Oui,Oui,4.7,4.7,4.8,4.9,64.7,40.2005,Non,,,,-4.59,252,,,,,,,,,,,,,,,,,,,,
43983,43,PA,Exclos,0,2,Oui,0,2.7,3.7,3.2,4.7,2,2.2,2.2,1.6,Oui,Oui,2.2,4,4.6,4.8,10.9,8.1473,Non,,,,-4.59,253,,,,,,,,,,,,,,,,,,,,
43983,43,PA,Exclos,2,4,,0,3.8,4.2,4.1,4.2,1.5,1.5,1.7,1.5,Oui,Oui,6.2,5.8,5.5,5.5,18.9,12.1082,Non,,,,-4.59,254,,,,,,,,,,,,,,,,,,,,
43983,43,PA,Exclos,4,6,,1,6.2,5.7,6.6,6.3,0.9,1.6,0.9,2.4,Oui,Oui,5.7,5.1,6.5,6.4,50.3,24.0473,Non,,,,-4.59,255,,,,,,,,,,,,,,,,,,,,
43983,43,PA,Exclos,6,9,,0,4.5,4.4,4.7,4.7,2.8,2.8,3.1,3.1,Oui,Oui,6.7,6.8,7.5,7.5,99.2,49.0911,Non,,,,-4.59,256,,,,,,,,,,,,,,,,,,,,
43983,43,PA,Exclos,9,12,,0,5,5.7,4.5,5,2.8,2.9,2.7,2.8,Oui,Oui,5.9,6.5,7.2,7.2,84.9,43.3568,Non,,,,-4.59,257,,,,,,,,,,,,,,,,,,,,
43983,43,PA,Exclos,12,15,,0,4.6,4.6,5.2,5.2,3,2.9,2.7,2.7,Oui,Oui,6,5.7,5.7,5.7,94.9,46.7364,Non,,,,-4.59,258,,,,,,,,,,,,,,,,,,,,
43983,35,PS,Temoin,0,5,Oui,0,2.8,3,4.3,4.2,4.8,5,5.2,4.8,Oui,Oui,5,4.6,4.4,4.5,110.5,78.6659,Non,,,,-4.59,259,,,,,,,,,,,,,,,,,,,,
43983,35,PS,Temoin,5,7,,0,3.7,4,3.1,3.3,2.3,2,2.8,2.7,Oui,Oui,6.4,6.5,6.5,6.2,90.4,68.5481,Non,,,,-4.59,260,,,,,,,,,,,,,,,,,,,,
43983,35,PS,Temoin,7,10,,0,4.3,3.2,3.8,3.5,1.9,1.9,3.3,2.9,Oui,Oui,7,7,6.9,6.8,85.1,63.5161,Non,,,,-4.59,261,,,,,,,,,,,,,,,,,,,,
43983,35,PS,Temoin,10,13,,1,4.6,4.6,4.4,4.3,4.2,2.4,3.2,2,Oui,Oui,3.9,3.9,6.3,6.3,134.2,92.8049,Non,,,,-4.59,262,,,,,,,,,,,,,,,,,,,,
43983,35,PS,Temoin,13,16,,0,3.3,3.2,3.1,3.1,2.9,2.6,3.5,3.1,Oui,Oui,7.4,7.8,7.2,7.5,104.7,69.9685,Non,,,,-4.59,263,,,,,,,,,,,,,,,,,,,,
43983,F1,PO,Exclos,0,1.5,Oui,0,3.7,3.4,3.7,3.4,2,2,1.8,1.5,Non,Non,4.5,4.2,4.9,4.8,1.8,1.8381,Non,,,,-4.59,264,,,,,,,,,,,,,,,,,,,,
43983,F1,PO,Exclos,1.5,3.5,,0,3.2,3.8,3.6,3.8,1.7,2,2,1.5,Oui,Non,4.6,4.3,4.3,4.4,4.5,3.6538,Non,,,,-4.59,265,,,,,,,,,,,,,,,,,,,,
43983,F1,PO,Exclos,3.5,6,,0,3.3,3.8,4.2,3.8,2.3,2,2.3,2.3,Oui,Oui,4.4,4.4,4.5,4.5,13.1,7.17,Non,,,,-4.59,266,,,,,,,,,,,,,,,,,,,,
43983,F1,PO,Exclos,6,8,,0,4.3,4.6,4.1,4.3,2.4,2.5,2.2,2.2,Oui,Oui,4.6,4.8,4.4,4.8,32.9,20.55,Non,,,,-4.59,267,,,,,,,,,,,,,,,,,,,,
43983,F1,PO,Exclos,8,13,,0,3.7,3.9,3.4,3.9,3.1,3.1,3.3,2.9,Oui,Oui,4.3,4.4,5,4.7,70.2,54.9992,Non,,,,-4.59,268,,,,,,,,,,,,,,,,,,,,
43984,ROC8,10,Temoin/Exclos,0,3,Oui,0,3.8,4.2,4.6,4.6,3.4,3.4,1.9,1.9,Oui,Oui,4,4.4,0.6,4.3,39.9,14.9407,Non,,,,-4.59,269,26.0794,0.5,3,27.5452,27.3142,,,,,,,,,,,,,,,
43984,ROC8,10,Temoin/Exclos,3,4.5,,0,3.2,3,3.2,3.2,1.5,1.3,2,1.6,Oui,Oui,3.1,3.3,3.6,3.3,19.5,7.6908,Non,,,,-4.59,270,24.997,0.5,2,25.9992,25.8587,,,,,,,,,,,,,,,
43984,ROC8,10,Temoin/Exclos,4.5,7.5,,1,3.8,4.2,4.6,4.6,3.2,3.3,3.1,3.8,Oui,Oui,4.8,4.4,5,4.5,57,20.8388,Non,,,,-4.59,271,24.0427,0.5,4,26.063,25.6819,,,,,,,,,,,,,,,
43984,ROC8,10,Temoin/Exclos,7.5,11,,0,5,4.8,5,5,3.9,3.5,2.9,2.9,Oui,Oui,4.8,4.4,4.8,4.7,45.2,13.8966,Non,,,,-4.59,272,27.9687,0.5,3,29.2917,28.9316,,,,,,,,,,,,,,,
43984,ROC8,10,Temoin/Exclos,11,15,,0,4.1,4.6,4,4.4,3.6,3.4,3.2,3.3,Oui,Oui,5.2,5,5.3,5.2,43.5,13.6933,Non,,,,-4.59,273,24.1306,0.5,3,25.4869,25.1592,,,,,,,,,,,,,,,
43984,ROC8,10,Temoin/Exclos,15,18,,0,4.6,3.3,4.6,4,5.2,4.7,4.7,4.5,Oui,Oui,5.7,5.5,5.7,5.4,124.2,53.1388,Non,,,,-4.59,274,23.8324,0.5,4,25.8675,25.5477,peut-[etre .64 au lieu de .54,,,,,,,,,,,,,,
43984,ROC8,10,Exclos/Temoin,0,2,,0,7.7,7.5,7.5,7.8,1.8,1.5,1.5,1.6,Oui,Oui,7.8,7,8,7,39.1,15.2841,Non,,,,-4.59,275,25.2373,0.5,4,27.0776,26.5977,,,,,,,,,,,,,,,
43984,ROC8,10,Exclos/Temoin,2,4.5,,0,5.8,6.5,5.9,6.7,1.8,1.7,2.6,2.2,Oui,Oui,6.9,7,7,7.1,52.9,23.9695,Non,,,,-4.59,276,26.4824,0.5,4,28.6194,28.3303,,,,,,,,,,,,,,,
43984,ROC8,10,Exclos/Temoin,4.5,6.5,,1,7.8,7.9,7.7,7.7,1.8,2,2.3,1.8,Oui,Oui,7.8,8.1,8.6,8.6,116.6,52.6531,Non,,,,-4.59,277,25.8246,0.5,4,27.885,27.6162,,,,,,,,,,,,,,,
43984,ROC8,10,Exclos/Temoin,6.5,9,,0,6.2,6.1,6.6,6.5,3.9,3.9,3.7,3.8,Oui,Oui,7.3,7.1,7.4,7.5,140.1,59.7696,Non,,,,-4.59,278,24.598,0.5,4,26.4564,26.0386,,,,,,,,,,,,,,,
43984,ROC8,10,Exclos/Temoin,9,13,,0,5.9,6,6.3,6.2,2.8,3.1,2.8,3,Oui,Oui,7.5,7.7,7.4,7.2,139.8,66.0402,Non,,,,-4.59,279,26.6123,0.5,4,28.5205,28.2634,,,,,,,,,,,,,,,
43984,ROC8,10,Exclos/Temoin,13,17,,0,5.8,6,5.9,5.8,3.4,2.5,4.5,3.1,Oui,Oui,7,7.1,7.5,7.3,225.1,146.7,Non,,,,-4.59,280,28.7907,0.5,4,31.2874,31.1415,,,,,,,,,,,,,,,
