Date,Parcelle,Traitement,Exclos,Motte,Motte_enveloppe,Sp,Sp_enveloppe,Nbr_Tiges,Nbr_individu_repro
22/07/18,72,PA,Exclos,B3,1,Sal.arc,1,3,1
22/07/18,72,PA,Exclos,B3,1,Poaceae.sp.stri,2,0,0
22/07/18,72,PA,Exclos,B3,1,Eri.sch,3,0,0
22/07/18,72,PA,Exclos,B1,2,Sal.arc,1,1,1
22/07/18,72,PA,Exclos,B1,2,Poaceae.sp.stri,2,0,0
22/07/18,72,PA,Exclos,B1,2,Eri.sch,3,0,0
22/07/18,72,PA,Exclos,A3,3,Sal.arc,1,4,0
22/07/18,72,PA,Exclos,A3,3,Poaceae.sp.stri,2,3,0
22/07/18,72,PA,Exclos,A3,3,Eri.sch,3,0,0
22/07/18,72,PA,Exclos,A8,4,Eri.sch,3,2,0
22/07/18,72,PA,Exclos,A8,4,Poaceae.sp.stri,2,7,0
22/07/18,72,PA,Exclos,A8,4,Sal.arc,1,2,0
24/07/18,ROC8,4,Exclos,C8,1,Eri.sch,1,7,0
24/07/18,ROC8,4,Exclos,C8,1,Dup.fis,2,25,0
24/07/18,ROC8,4,Exclos,B3,2,Eri.sch,1,5,0
24/07/18,ROC8,4,Exclos,B3,2,Dup.fis,2,16,0
24/07/18,ROC8,4,Exclos,E8,3,Eri.sch,1,6,0
24/07/18,ROC8,4,Exclos,E8,3,Dup.fis,2,24,0
24/07/18,ROC8,4,Exclos,F3,4,Eri.sch,1,4,0
24/07/18,ROC8,4,Exclos,F3,4,Dup.fis,2,28,0
24/07/18,ROC8,4,Temoin,C8,1,Dup.fis,1,78,0
24/07/18,ROC8,4,Temoin,D8,2,Dup.fis,1,36,0
24/07/18,ROC8,4,Temoin,F3,3,Dup.fis,1,17,0
24/07/18,ROC8,4,Temoin,G6,4,Dup.fis,1,28,0
24/07/18,ROC8,4,Temoin,C8,1,Eri.sch,2,4,0
24/07/18,ROC8,4,Temoin,D8,2,Eri.sch,2,3,0
24/07/18,ROC8,4,Temoin,F3,3,Eri.sch,2,5,0
24/07/18,ROC8,4,Temoin,G6,4,Eri.sch,2,2,0
24/07/18,ROC8,4,Temoin,C8,1,Car.aqu,3,4,0
24/07/18,ROC8,4,Temoin,D8,2,Car.aqu,3,8,0
24/07/18,ROC8,4,Temoin,F3,3,Car.aqu,3,2,0
24/07/18,ROC8,4,Temoin,G6,4,Car.aqu,3,4,0
24/07/18,ROC8,4,Temoin,C8,1,Eri.ang,4,5,0
24/07/18,ROC8,4,Temoin,D8,2,Eri.ang,4,0,0
24/07/18,ROC8,4,Temoin,F3,3,Eri.ang,4,0,0
24/07/18,ROC8,4,Temoin,G6,4,Eri.ang,4,0,0
24/07/18,ROC8,4,Temoin,G6,4,Poaceae.sp,5,5,0
24/07/18,ROC8,4,Temoin,G6,3,Dicot.sp,6,2,0
24/07/18,ROC8,1,Temoin,D4,1,Dup.fis,1,41,0
24/07/18,ROC8,1,Temoin,D4,1,Car.aqu,2,8,0
24/07/18,ROC8,1,Temoin,D4,1,Eri.sch,3,4,0
24/07/18,ROC8,1,Temoin,D4,1,Inconnue,4,0,
24/07/18,ROC8,1,Temoin,C7,2,Dup.fis,1,47,0
24/07/18,ROC8,1,Temoin,C7,2,Car.aqu,2,8,0
24/07/18,ROC8,1,Temoin,C7,2,Eri.sch,3,0,0
24/07/18,ROC8,1,Temoin,C7,2,Inconnue,4,0,
24/07/18,ROC8,1,Temoin,B3,3,Dup.fis,1,7,0
24/07/18,ROC8,1,Temoin,B3,3,Car.aqu,2,10,1
24/07/18,ROC8,1,Temoin,B3,3,Eri.sch,3,0,0
24/07/18,ROC8,1,Temoin,B3,3,Inconnue,4,0,
24/07/18,ROC8,1,Temoin,B5,4,Dup.fis,1,37,0
24/07/18,ROC8,1,Temoin,B5,4,Car.aqu,2,10,0
24/07/18,ROC8,1,Temoin,B5,4,Eri.sch,3,0,0
24/07/18,ROC8,1,Temoin,B5,4,Inconnue,4,5,0
25/07/18,ROC8,1,Exclos,B8,1,Dup.fis,1,11,
25/07/18,ROC8,1,Exclos,B8,1,Car.aqu,2,8,
25/07/18,ROC8,1,Exclos,B8,1,Eri.sch,3,2,
25/07/18,ROC8,1,Exclos,B8,1,Ste.lon,4,0,
25/07/18,ROC8,1,Exclos,G7,2,Dup.fis,1,8,
25/07/18,ROC8,1,Exclos,G7,2,Car.aqu,2,3,
25/07/18,ROC8,1,Exclos,G7,2,Eri.sch,3,0,
25/07/18,ROC8,1,Exclos,G7,2,Ste.lon,4,0,
25/07/18,ROC8,1,Exclos,F7,3,Dup.fis,1,11,
25/07/18,ROC8,1,Exclos,F7,3,Car.aqu,2,3,
25/07/18,ROC8,1,Exclos,F7,3,Eri.sch,3,0,
25/07/18,ROC8,1,Exclos,F7,3,Ste.lon,4,0,
25/07/18,ROC8,1,Exclos,H5,4,Dup.fis,1,9,1
25/07/18,ROC8,1,Exclos,H5,4,Car.aqu,2,6,1
25/07/18,ROC8,1,Exclos,H5,4,Eri.sch,3,0,
25/07/18,ROC8,1,Exclos,H5,4,Ste.lon,4,0,
25/07/18,ROC8,6,Temoin,D7,1,Dup.fis,1,103,
25/07/18,ROC8,6,Temoin,D7,1,Eri.sch,2,10,
25/07/18,ROC8,6,Temoin,G5,2,Dup.fis,1,90,
25/07/18,ROC8,6,Temoin,G5,2,Eri.sch,2,26,
25/07/18,ROC8,6,Temoin,B2,3,Dup.fis,1,48,
25/07/18,ROC8,6,Temoin,B2,3,Eri.sch,2,37,1
25/07/18,ROC8,6,Temoin,D6,4,Dup.fis,1,95,
25/07/18,ROC8,6,Temoin,D6,4,Eri.sch,2,8,1
25/07/18,ROC8,6,Exclos,E5,1,Dup.fis,1,17,
25/07/18,ROC8,6,Exclos,E5,1,Car.aqu,3,2,
25/07/18,ROC8,6,Exclos,E5,1,Eri.sch,2,23,1
25/07/18,ROC8,6,Exclos,E5,1,Ste.lon,4,80,
25/07/18,ROC8,6,Exclos,E5,1,Car.pra,5,20,
25/07/18,ROC8,6,Exclos,E1,2,Dup.fis,1,18,
25/07/18,ROC8,6,Exclos,E1,2,Car.aqu,3,0,
25/07/18,ROC8,6,Exclos,E1,2,Eri.sch,2,16,
25/07/18,ROC8,6,Exclos,E1,2,Ste.lon,4,104,
25/07/18,ROC8,6,Exclos,E1,2,Car.pra,5,0,
25/07/18,ROC8,6,Exclos,G1,3,Dup.fis,1,39,
25/07/18,ROC8,6,Exclos,G1,3,Car.aqu,3,0,
25/07/18,ROC8,6,Exclos,G1,3,Eri.sch,2,5,
25/07/18,ROC8,6,Exclos,G1,3,Ste.lon,4,25,
25/07/18,ROC8,6,Exclos,G1,3,Car.pra,5,0,
25/07/18,ROC8,6,Exclos,E6,4,Dup.fis,1,9,
25/07/18,ROC8,6,Exclos,E6,4,Car.aqu,3,15,
25/07/18,ROC8,6,Exclos,E6,4,Eri.sch,2,20,
25/07/18,ROC8,6,Exclos,E6,4,Ste.lon,4,51,
25/07/18,ROC8,6,Exclos,E6,4,Car.pra,5,10,
25/07/18,ROC8,10,Exclos,A8,1,Dup.fis,,51,1
25/07/18,ROC8,10,Exclos,A8,1,Eri.sch,,4,
25/07/18,ROC8,10,Exclos,A8,1,Car.aqu,,1,1
25/07/18,ROC8,10,Exclos,C6,2,Dup.fis,1,19,
25/07/18,ROC8,10,Exclos,C6,2,Eri.sch,2,2,
25/07/18,ROC8,10,Exclos,C6,2,Car.aqu,3,8,
25/07/18,ROC8,10,Exclos,D8,3,Dup.fis,1,47,1
25/07/18,ROC8,10,Exclos,D8,3,Eri.sch,2,1,
25/07/18,ROC8,10,Exclos,D8,3,Car.aqu,3,65,3
25/07/18,ROC8,10,Exclos,C4,4,Dup.fis,1,30,
25/07/18,ROC8,10,Exclos,C4,4,Eri.sch,2,8,
25/07/18,ROC8,10,Exclos,C4,4,Car.aqu,3,17,1
26/07/18,ROC8,10,Temoin,C5,1,Dup.fis,1,46,
26/07/18,ROC8,10,Temoin,C5,1,Car.aqu,2,7,
26/07/18,ROC8,10,Temoin,C5,1,Car.pra,3,5,
26/07/18,ROC8,10,Temoin,C5,1,Eri.sch,4,0,
26/07/18,ROC8,10,Temoin,A4,2,Dup.fis,1,44,
26/07/18,ROC8,10,Temoin,A4,2,Car.aqu,2,9,
26/07/18,ROC8,10,Temoin,A4,2,Car.pra,3,7,
26/07/18,ROC8,10,Temoin,A4,2,Eri.sch,4,1,
26/07/18,ROC8,10,Temoin,H3,3,Dup.fis,1,41,
26/07/18,ROC8,10,Temoin,H3,3,Car.aqu,2,15,
26/07/18,ROC8,10,Temoin,H3,3,Car.pra,3,0,
26/07/18,ROC8,10,Temoin,H3,3,Eri.sch,4,0,
26/07/18,ROC8,10,Temoin,C8,4,Dup.fis,1,8,
26/07/18,ROC8,10,Temoin,C8,4,Car.aqu,2,12,
26/07/18,ROC8,10,Temoin,C8,4,Car.pra,3,0,
26/07/18,ROC8,10,Temoin,C8,4,Eri.sch,4,0,
26/07/18,ROC8,14,Exclos,H6,1,Dup.fis,1,48,
26/07/18,ROC8,14,Exclos,H6,1,Ste.lon,2,168,
26/07/18,ROC8,14,Exclos,H6,1,Car.aqu,3,6,
26/07/18,ROC8,14,Exclos,H6,1,Poa.arc,4,0,
26/07/18,ROC8,14,Exclos,A5,2,Dup.fis,1,59,
26/07/18,ROC8,14,Exclos,A5,2,Ste.lon,2,43,
26/07/18,ROC8,14,Exclos,A5,2,Car.aqu,3,0,
26/07/18,ROC8,14,Exclos,A5,2,Poa.arc,4,20,
26/07/18,ROC8,14,Exclos,C2,3,Dup.fis,1,35,
26/07/18,ROC8,14,Exclos,C2,3,Ste.lon,2,24,1
26/07/18,ROC8,14,Exclos,C2,3,Car.aqu,3,0,
26/07/18,ROC8,14,Exclos,C2,3,Poa.arc,4,48,
26/07/18,ROC8,14,Exclos,C8,4,Dup.fis,1,56,
26/07/18,ROC8,14,Exclos,C8,4,Ste.lon,2,30,
26/07/18,ROC8,14,Exclos,C8,4,Car.aqu,3,0,
26/07/18,ROC8,14,Exclos,C8,4,Poa.arc,4,0,
26/07/18,ROC8,14,Temoin,B7,1,Dup.fis,1,97,
26/07/18,ROC8,14,Temoin,B7,1,Car.aqu,2,15,
26/07/18,ROC8,14,Temoin,B7,1,Ste.lon,3,1,
26/07/18,ROC8,14,Temoin,B7,1,Poa.arc,4,0,
26/07/18,ROC8,14,Temoin,B7,1,Car.pra,5,0,
26/07/18,ROC8,14,Temoin,G4,2,Dup.fis,1,140,
26/07/18,ROC8,14,Temoin,G4,2,Car.aqu,2,8,
26/07/18,ROC8,14,Temoin,G4,2,Ste.lon,3,3,
26/07/18,ROC8,14,Temoin,G4,2,Poa.arc,4,3,
26/07/18,ROC8,14,Temoin,G4,2,Car.pra,5,0,
27/07/18,ROC8,14,Temoin,F7,3,Dup.fis,1,120,
27/07/18,ROC8,14,Temoin,F7,3,Car.aqu,2,4,
27/07/18,ROC8,14,Temoin,F7,3,Ste.lon,3,4,
27/07/18,ROC8,14,Temoin,F7,3,Poa.arc,4,50,
27/07/18,ROC8,14,Temoin,F7,3,Car.pra,5,0,
27/07/18,ROC8,14,Temoin,G3,4,Dup.fis,1,81,
27/07/18,ROC8,14,Temoin,G3,4,Car.aqu,2,4,
27/07/18,ROC8,14,Temoin,G3,4,Ste.lon,3,10,
27/07/18,ROC8,14,Temoin,G3,4,Poa.arc,4,0,
27/07/18,ROC8,14,Temoin,G3,4,Car.pra,5,57,
27/07/18,ROC3,14,Temoin,H7,1,Hie.pau,1,50,
27/07/18,ROC3,14,Temoin,H7,1,Dup.fis,2,81,
27/07/18,ROC3,14,Temoin,H7,1,Ste.lon,3,12,
27/07/18,ROC3,14,Temoin,H7,1,Car.pra,4,0,
27/07/18,ROC3,14,Temoin,H7,1,Ped.alb,5,0,
27/07/18,ROC3,14,Temoin,H7,1,Luz.con,6,0,
27/07/18,ROC3,14,Temoin,H7,1,Car.aqu,7,0,
27/07/18,ROC3,14,Temoin,F8,2,Hie.pau,1,112,
27/07/18,ROC3,14,Temoin,F8,2,Dup.fis,2,41,
27/07/18,ROC3,14,Temoin,F8,2,Ste.lon,3,20,
27/07/18,ROC3,14,Temoin,F8,2,Car.pra,4,1,
27/07/18,ROC3,14,Temoin,F8,2,Ped.alb,5,1,
27/07/18,ROC3,14,Temoin,F8,2,Luz.con,6,0,
27/07/18,ROC3,14,Temoin,F8,2,Car.aqu,7,0,
27/07/18,ROC3,14,Temoin,E8,3,Hie.pau,1,73,
27/07/18,ROC3,14,Temoin,E8,3,Dup.fis,2,34,
27/07/18,ROC3,14,Temoin,E8,3,Ste.lon,3,29,3
27/07/18,ROC3,14,Temoin,E8,3,Car.pra,4,9,
27/07/18,ROC3,14,Temoin,E8,3,Ped.alb,5,0,
27/07/18,ROC3,14,Temoin,E8,3,Luz.con,6,0,
27/07/18,ROC3,14,Temoin,E8,3,Car.aqu,7,0,
27/07/18,ROC3,14,Temoin,E2,4,Hie.pau,1,124,
27/07/18,ROC3,14,Temoin,E2,4,Dup.fis,2,9,
27/07/18,ROC3,14,Temoin,E2,4,Ste.lon,3,14,
27/07/18,ROC3,14,Temoin,E2,4,Car.pra,4,1,
27/07/18,ROC3,14,Temoin,E2,4,Ped.alb,5,0,
27/07/18,ROC3,14,Temoin,E2,4,Luz.con,6,5,2
27/07/18,ROC3,14,Temoin,E2,4,Car.aqu,7,1,
27/07/18,ROC3,14,Exclos,A2,1,Hie.pau,1,145,
27/07/18,ROC3,14,Exclos,A2,1,Dup.fis,2,25,
27/07/18,ROC3,14,Exclos,A2,1,Car.aqu,3,4,
27/07/18,ROC3,14,Exclos,A2,1,Arc.lat,4,0,
27/07/18,ROC3,14,Exclos,C4,2,Hie.pau,1,203,
27/07/18,ROC3,14,Exclos,C4,2,Dup.fis,2,27,
27/07/18,ROC3,14,Exclos,C4,2,Car.aqu,3,0,
27/07/18,ROC3,14,Exclos,C4,2,Arc.lat,4,0,
27/07/18,ROC3,14,Exclos,B4,3,Hie.pau,1,147,
27/07/18,ROC3,14,Exclos,B4,3,Dup.fis,2,16,
27/07/18,ROC3,14,Exclos,B4,3,Car.aqu,3,0,
27/07/18,ROC3,14,Exclos,B4,3,Arc.lat,4,0,
27/07/18,ROC3,14,Exclos,H8,4,Hie.pau,1,120,
27/07/18,ROC3,14,Exclos,H8,4,Dup.fis,2,7,
27/07/18,ROC3,14,Exclos,H8,4,Car.aqu,3,0,
27/07/18,ROC3,14,Exclos,H8,4,Arc.lat,4,6,
28/07/18,ROC3,10,Temoin,F3,1,Hie.pau,1,6,
28/07/18,ROC3,10,Temoin,F3,1,Dup.fis,2,12,1
28/07/18,ROC3,10,Temoin,F3,1,Car.aqu,3,1,
28/07/18,ROC3,10,Temoin,F3,1,Eri.ang,4,0,
28/07/18,ROC3,10,Temoin,D8,2,Hie.pau,1,35,
28/07/18,ROC3,10,Temoin,D8,2,Dup.fis,2,14,
28/07/18,ROC3,10,Temoin,D8,2,Car.aqu,3,0,
28/07/18,ROC3,10,Temoin,D8,2,Eri.ang,4,0,
28/07/18,ROC3,10,Temoin,B7,3,Hie.pau,1,16,
28/07/18,ROC3,10,Temoin,B7,3,Dup.fis,2,11,1
28/07/18,ROC3,10,Temoin,B7,3,Car.aqu,3,5,
28/07/18,ROC3,10,Temoin,B7,3,Eri.ang,4,1,
28/07/18,ROC3,10,Temoin,A6,4,Hie.pau,1,25,
28/07/18,ROC3,10,Temoin,A6,4,Dup.fis,2,9,
28/07/18,ROC3,10,Temoin,A6,4,Car.aqu,3,1,
28/07/18,ROC3,10,Temoin,A6,4,Eri.ang,4,0,
28/07/18,ROC3,10,Exclos,E5,1,Hie.pau,1,4,
28/07/18,ROC3,10,Exclos,E5,1,Dup.fis,2,8,1
28/07/18,ROC3,10,Exclos,E5,1,Car.aqu,3,1,
28/07/18,ROC3,10,Exclos,E5,1,Eri.ang,4,0,
28/07/18,ROC3,10,Exclos,B1,2,Hie.pau,1,20,
28/07/18,ROC3,10,Exclos,B1,2,Dup.fis,2,8,1
28/07/18,ROC3,10,Exclos,B1,2,Car.aqu,3,0,
28/07/18,ROC3,10,Exclos,B1,2,Eri.ang,4,0,
28/07/18,ROC3,10,Exclos,C8,3,Hie.pau,1,24,
28/07/18,ROC3,10,Exclos,C8,3,Dup.fis,2,7,
28/07/18,ROC3,10,Exclos,C8,3,Car.aqu,3,3,
28/07/18,ROC3,10,Exclos,C8,3,Eri.ang,4,1,
28/07/18,ROC3,10,Exclos,G2,4,Hie.pau,1,30,1
28/07/18,ROC3,10,Exclos,G2,4,Dup.fis,2,15,
28/07/18,ROC3,10,Exclos,G2,4,Car.aqu,3,2,
28/07/18,ROC3,10,Exclos,G2,4,Eri.ang,4,0,
28/07/18,ROC3,6,Temoin,H6,1,Hie.pau,1,3,
28/07/18,ROC3,6,Temoin,H6,1,Dup.fis,2,27,
28/07/18,ROC3,6,Temoin,H6,1,Car.aqu,3,7,
28/07/18,ROC3,6,Temoin,H6,1,Eri.ang,4,2,
28/07/18,ROC3,6,Temoin,H6,1,Eri.sch,5,3,
28/07/18,ROC3,6,Temoin,G8,2,Hie.pau,1,0,
28/07/18,ROC3,6,Temoin,G8,2,Dup.fis,2,35,
28/07/18,ROC3,6,Temoin,G8,2,Car.aqu,3,0,
28/07/18,ROC3,6,Temoin,G8,2,Eri.ang,4,0,
28/07/18,ROC3,6,Temoin,G8,2,Eri.sch,5,19,
28/07/18,ROC3,6,Temoin,C4,3,Hie.pau,1,0,
28/07/18,ROC3,6,Temoin,C4,3,Dup.fis,2,24,
28/07/18,ROC3,6,Temoin,C4,3,Car.aqu,3,6,
28/07/18,ROC3,6,Temoin,C4,3,Eri.ang,4,0,
28/07/18,ROC3,6,Temoin,C4,3,Eri.sch,5,11,
28/07/18,ROC3,6,Temoin,B8,4,Hie.pau,1,15,
28/07/18,ROC3,6,Temoin,B8,4,Dup.fis,2,16,
28/07/18,ROC3,6,Temoin,B8,4,Car.aqu,3,0,
28/07/18,ROC3,6,Temoin,B8,4,Eri.ang,4,1,
28/07/18,ROC3,6,Temoin,B8,4,Eri.sch,5,2,
28/07/18,ROC3,6,Exclos,H5,1,Dup.fis,1,10,
28/07/18,ROC3,6,Exclos,H5,1,Car.aqu,2,8,
28/07/18,ROC3,6,Exclos,H5,1,Eri.sch,3,14,
28/07/18,ROC3,6,Exclos,H5,1,Eri.ang,4,5,1
28/07/18,ROC3,6,Exclos,H5,1,Hie.pau,5,3,
28/07/18,ROC3,6,Exclos,D4,2,Dup.fis,1,13,
28/07/18,ROC3,6,Exclos,D4,2,Car.aqu,2,2,
28/07/18,ROC3,6,Exclos,D4,2,Eri.sch,3,9,
28/07/18,ROC3,6,Exclos,D4,2,Eri.ang,4,5,
28/07/18,ROC3,6,Exclos,D4,2,Hie.pau,5,2,
28/07/18,ROC3,6,Exclos,H2,3,Dup.fis,1,17,
28/07/18,ROC3,6,Exclos,H2,3,Car.aqu,2,1,
28/07/18,ROC3,6,Exclos,H2,3,Eri.sch,3,12,
28/07/18,ROC3,6,Exclos,H2,3,Eri.ang,4,1,
28/07/18,ROC3,6,Exclos,H2,3,Hie.pau,5,25,
28/07/18,ROC3,6,Exclos,H8,4,Dup.fis,1,18,
28/07/18,ROC3,6,Exclos,H8,4,Car.aqu,2,3,
28/07/18,ROC3,6,Exclos,H8,4,Eri.sch,3,17,
28/07/18,ROC3,6,Exclos,H8,4,Eri.ang,4,8,
28/07/18,ROC3,6,Exclos,H8,4,Hie.pau,5,4,
28/07/18,ROC3,1,Temoin,F8,1,Dup.fis,1,13,
28/07/18,ROC3,1,Temoin,F8,1,Hie.pau,2,8,
28/07/18,ROC3,1,Temoin,F8,1,Car.aqu,3,2,
28/07/18,ROC3,1,Temoin,F8,1,Eri.sch,4,0,
28/07/18,ROC3,1,Temoin,F8,1,Eri.ang,5,0,
28/07/18,ROC3,1,Temoin,F4,2,Dup.fis,1,13,
28/07/18,ROC3,1,Temoin,F4,2,Hie.pau,2,6,
28/07/18,ROC3,1,Temoin,F4,2,Car.aqu,3,3,
28/07/18,ROC3,1,Temoin,F4,2,Eri.sch,4,4,
28/07/18,ROC3,1,Temoin,F4,2,Eri.ang,5,3,
28/07/18,ROC3,1,Temoin,G7,3,Dup.fis,1,13,
28/07/18,ROC3,1,Temoin,G7,3,Hie.pau,2,16,
28/07/18,ROC3,1,Temoin,G7,3,Car.aqu,3,8,
28/07/18,ROC3,1,Temoin,G7,3,Eri.sch,4,0,
28/07/18,ROC3,1,Temoin,G7,3,Eri.ang,5,2,
28/07/18,ROC3,1,Temoin,F2,4,Dup.fis,1,17,2
28/07/18,ROC3,1,Temoin,F2,4,Hie.pau,2,12,
28/07/18,ROC3,1,Temoin,F2,4,Car.aqu,3,1,
28/07/18,ROC3,1,Temoin,F2,4,Eri.sch,4,5,
28/07/18,ROC3,1,Temoin,F2,4,Eri.ang,5,4,
29/07/18,ROC3,1,Exclos,D2,1,Dup.fis,1,5,
29/07/18,ROC3,1,Exclos,D2,1,Hie.pau,2,8,
29/07/18,ROC3,1,Exclos,D2,1,Eri.sch,3,5,
29/07/18,ROC3,1,Exclos,D2,1,Eri.ang,4,4,
29/07/18,ROC3,1,Exclos,D2,1,Ped.alb,5,0,
29/07/18,ROC3,1,Exclos,A6,2,Dup.fis,1,6,
29/07/18,ROC3,1,Exclos,A6,2,Hie.pau,2,5,
29/07/18,ROC3,1,Exclos,A6,2,Eri.sch,3,2,
29/07/18,ROC3,1,Exclos,A6,2,Eri.ang,4,1,
29/07/18,ROC3,1,Exclos,A6,2,Ped.alb,5,2,
29/07/18,ROC3,1,Exclos,F8,3,Dup.fis,1,9,
29/07/18,ROC3,1,Exclos,F8,3,Hie.pau,2,16,
29/07/18,ROC3,1,Exclos,F8,3,Eri.sch,3,4,
29/07/18,ROC3,1,Exclos,F8,3,Eri.ang,4,5,
29/07/18,ROC3,1,Exclos,F8,3,Ped.alb,5,0,
29/07/18,ROC3,1,Exclos,E7,4,Dup.fis,1,15,2
29/07/18,ROC3,1,Exclos,E7,4,Hie.pau,2,7,
29/07/18,ROC3,1,Exclos,E7,4,Eri.sch,3,0,
29/07/18,ROC3,1,Exclos,E7,4,Eri.ang,4,5,
29/07/18,ROC3,1,Exclos,E7,4,Ped.alb,5,0,
29/07/18,71,PA,Temoin,H5,1,Dup.fis,1,30,
29/07/18,71,PA,Temoin,H5,1,Eri.sch,2,14,1
29/07/18,71,PA,Temoin,H5,1,Ped.alb,3,3,
29/07/18,71,PA,Temoin,H5,1,Car.pra,4,1,
29/07/18,71,PA,Temoin,H5,1,Sal.arc,5,0,
29/07/18,71,PA,Temoin,H5,1,Sax.hir,6,0,
29/07/18,71,PA,Temoin,C7,2,Dup.fis,1,35,
29/07/18,71,PA,Temoin,C7,2,Eri.sch,2,1,
29/07/18,71,PA,Temoin,C7,2,Ped.alb,3,5,
29/07/18,71,PA,Temoin,C7,2,Car.pra,4,0,
29/07/18,71,PA,Temoin,C7,2,Sal.arc,5,0,
29/07/18,71,PA,Temoin,C7,2,Sax.hir,6,3,
29/07/18,71,PA,Temoin,F2,3,Dup.fis,1,20,1
29/07/18,71,PA,Temoin,F2,3,Eri.sch,2,5,
29/07/18,71,PA,Temoin,F2,3,Ped.alb,3,5,
29/07/18,71,PA,Temoin,F2,3,Car.pra,4,0,
29/07/18,71,PA,Temoin,F2,3,Sal.arc,5,2,
29/07/18,71,PA,Temoin,F2,3,Sax.hir,6,0,
29/07/18,71,PA,Temoin,G5,4,Dup.fis,1,36,
29/07/18,71,PA,Temoin,G5,4,Eri.sch,2,3,
29/07/18,71,PA,Temoin,G5,4,Ped.alb,3,2,
29/07/18,71,PA,Temoin,G5,4,Car.pra,4,0,
29/07/18,71,PA,Temoin,G5,4,Sal.arc,5,1,
29/07/18,71,PA,Temoin,G5,4,Sax.hir,6,0,
30/07/18,72,PA,Temoin,E5,1,Dup.fis,1,32,1
30/07/18,72,PA,Temoin,E5,1,Hie.pau,2,4,
30/07/18,72,PA,Temoin,E5,1,Eri.sch,3,0,
30/07/18,72,PA,Temoin,E5,1,Car.aqu,4,0,
30/07/18,72,PA,Temoin,E5,1,Car.pra,5,0,
30/07/18,72,PA,Temoin,C6,2,Dup.fis,1,19,
30/07/18,72,PA,Temoin,C6,2,Hie.pau,2,0,
30/07/18,72,PA,Temoin,C6,2,Eri.sch,3,1,
30/07/18,72,PA,Temoin,C6,2,Car.aqu,4,3,
30/07/18,72,PA,Temoin,C6,2,Car.pra,5,0,
30/07/18,72,PA,Temoin,E4,3,Dup.fis,1,46,1
30/07/18,72,PA,Temoin,E4,3,Hie.pau,2,4,
30/07/18,72,PA,Temoin,E4,3,Eri.sch,3,2,
30/07/18,72,PA,Temoin,E4,3,Car.aqu,4,0,
30/07/18,72,PA,Temoin,E4,3,Car.pra,5,0,
30/07/18,72,PA,Temoin,F2,4,Dup.fis,1,39,
30/07/18,72,PA,Temoin,F2,4,Hie.pau,2,9,
30/07/18,72,PA,Temoin,F2,4,Eri.sch,3,1,
30/07/18,72,PA,Temoin,F2,4,Car.aqu,4,1,
30/07/18,72,PA,Temoin,F2,4,Car.pra,5,2,
30/07/18,71,PA,Exclos,H2,1,Eri.sch,1,12,
30/07/18,71,PA,Exclos,H2,1,Dup.fis,2,8,
30/07/18,71,PA,Exclos,H2,1,Car.pra,3,1,
30/07/18,71,PA,Exclos,H2,1,Ped.alb,4,5,
30/07/18,71,PA,Exclos,H2,1,Hie.pau,5,0,
30/07/18,71,PA,Exclos,H2,1,Sal.arc,6,0,
30/07/18,71,PA,Exclos,C1,2,Eri.sch,1,22,
30/07/18,71,PA,Exclos,C1,2,Dup.fis,2,10,
30/07/18,71,PA,Exclos,C1,2,Car.pra,3,0,
30/07/18,71,PA,Exclos,C1,2,Ped.alb,4,0,
30/07/18,71,PA,Exclos,C1,2,Hie.pau,5,3,
30/07/18,71,PA,Exclos,C1,2,Sal.arc,6,0,
30/07/18,71,PA,Exclos,A5,3,Eri.sch,1,33,
30/07/18,71,PA,Exclos,A5,3,Dup.fis,2,6,
30/07/18,71,PA,Exclos,A5,3,Car.pra,3,1,
30/07/18,71,PA,Exclos,A5,3,Ped.alb,4,2,
30/07/18,71,PA,Exclos,A5,3,Hie.pau,5,0,
30/07/18,71,PA,Exclos,A5,3,Sal.arc,6,0,
30/07/18,71,PA,Exclos,H5,4,Eri.sch,1,7,
30/07/18,71,PA,Exclos,H5,4,Dup.fis,2,9,
30/07/18,71,PA,Exclos,H5,4,Car.pra,3,0,
30/07/18,71,PA,Exclos,H5,4,Ped.alb,4,1,
30/07/18,71,PA,Exclos,H5,4,Hie.pau,5,0,
30/07/18,71,PA,Exclos,H5,4,Sal.arc,6,4,
30/07/18,H1,PO,Exclos,F5,1,Arc.lat,1,6,
30/07/18,H1,PO,Exclos,F5,1,Sal.ret,2,1,
30/07/18,H1,PO,Exclos,F5,1,Luz.con,3,0,
30/07/18,H1,PO,Exclos,F5,1,Sal.arc,4,0,
30/07/18,H1,PO,Exclos,F5,1,Cer.alp,5,0,
30/07/18,H1,PO,Exclos,F5,1,Dicot.fines,6,0,
30/07/18,H1,PO,Exclos,B4,3,Poa.sp,7,0,
30/07/18,H1,PO,Exclos,C7,2,Arc.lat,1,0,
30/07/18,H1,PO,Exclos,C7,2,Sal.ret,2,2,2
30/07/18,H1,PO,Exclos,C7,2,Luz.con,3,0,
30/07/18,H1,PO,Exclos,C7,2,Sal.arc,4,0,
30/07/18,H1,PO,Exclos,C7,2,Cer.alp,5,0,
30/07/18,H1,PO,Exclos,C7,2,Dicot.fines,6,0,
30/07/18,H1,PO,Exclos,B4,3,Poa.sp,7,0,
30/07/18,H1,PO,Exclos,B4,3,Arc.lat,1,0,
30/07/18,H1,PO,Exclos,B4,3,Sal.ret,2,0,
30/07/18,H1,PO,Exclos,B4,3,Luz.con,3,2,
30/07/18,H1,PO,Exclos,B4,3,Sal.arc,4,3,
30/07/18,H1,PO,Exclos,B4,3,Cer.alp,5,0,
30/07/18,H1,PO,Exclos,B4,3,Dicot.fines,6,0,
30/07/18,H1,PO,Exclos,B4,3,Poa.sp,7,2,
30/07/18,H1,PO,Exclos,A1,4,Arc.lat,1,4,
30/07/18,H1,PO,Exclos,A1,4,Sal.ret,2,1,
30/07/18,H1,PO,Exclos,A1,4,Luz.con,3,0,
30/07/18,H1,PO,Exclos,A1,4,Sal.arc,4,0,
30/07/18,H1,PO,Exclos,A1,4,Cer.alp,5,1,
30/07/18,H1,PO,Exclos,A1,4,Dicot.fines,6,3,
30/07/18,H1,PO,Exclos,B4,3,Poa.sp,7,0,
31/07/18,H1,PO,Temoin,F5,1,Sal.arc,1,0,
31/07/18,H1,PO,Temoin,F5,1,Ste.lon,2,0,
31/07/18,H1,PO,Temoin,F5,1,Poa.sp,3,1,
31/07/18,H1,PO,Temoin,H1,2,Sal.arc,1,0,
31/07/18,H1,PO,Temoin,H1,2,Ste.lon,2,0,
31/07/18,H1,PO,Temoin,H1,2,Poa.sp,3,5,
31/07/18,H1,PO,Temoin,F7,3,Sal.arc,1,1,1
31/07/18,H1,PO,Temoin,F7,3,Ste.lon,2,0,
31/07/18,H1,PO,Temoin,F7,3,Poa.sp,3,0,
31/07/18,H1,PO,Temoin,D5,4,Sal.arc,1,1,
31/07/18,H1,PO,Temoin,D5,4,Ste.lon,2,1,
31/07/18,H1,PO,Temoin,D5,4,Poa.sp,3,0,
31/07/18,G1,PO,Exclos,E3,1,Luz.niv,1,3,
31/07/18,G1,PO,Exclos,E3,1,Sal.arc,2,4,
31/07/18,G1,PO,Exclos,E3,1,Sal.ret,3,2,
31/07/18,G1,PO,Exclos,E3,1,Ast.alp,4,0,
31/07/18,G1,PO,Exclos,E3,1,Dicot.mauves,5,0,
31/07/18,G1,PO,Exclos,E3,1,Arc.lat,6,0,
31/07/18,G1,PO,Exclos,E3,1,Poa.sp,7,0,
31/07/18,G1,PO,Exclos,H3,2,Luz.niv,1,0,
31/07/18,G1,PO,Exclos,H3,2,Sal.arc,2,1,
31/07/18,G1,PO,Exclos,H3,2,Sal.ret,3,2,2
31/07/18,G1,PO,Exclos,H3,2,Ast.alp,4,2,2
31/07/18,G1,PO,Exclos,H3,2,Dicot.mauves,5,2,
31/07/18,G1,PO,Exclos,H3,2,Arc.lat,6,3,
31/07/18,G1,PO,Exclos,H3,2,Poa.sp,7,0,
31/07/18,G1,PO,Exclos,G5,3,Luz.niv,1,0,
31/07/18,G1,PO,Exclos,G5,3,Sal.arc,2,7,
31/07/18,G1,PO,Exclos,G5,3,Sal.ret,3,0,
31/07/18,G1,PO,Exclos,G5,3,Ast.alp,4,0,
31/07/18,G1,PO,Exclos,G5,3,Dicot.mauves,5,0,
31/07/18,G1,PO,Exclos,G5,3,Arc.lat,6,0,
31/07/18,G1,PO,Exclos,G5,3,Poa.sp,7,4,
31/07/18,G1,PO,Exclos,A7,4,Luz.niv,1,0,
31/07/18,G1,PO,Exclos,A7,4,Sal.arc,2,2,
31/07/18,G1,PO,Exclos,A7,4,Sal.ret,3,17,
31/07/18,G1,PO,Exclos,A7,4,Ast.alp,4,0,
31/07/18,G1,PO,Exclos,A7,4,Dicot.mauves,5,3,
31/07/18,G1,PO,Exclos,A7,4,Arc.lat,6,3,
31/07/18,G1,PO,Exclos,A7,4,Poa.sp,7,0,
31/07/18,G1,PO,Temoin,G8,1,Sal.arc,1,2,
31/07/18,G1,PO,Temoin,G8,1,Arc.lat,2,4,
31/07/18,G1,PO,Temoin,G8,1,Luz.niv,3,13,
31/07/18,G1,PO,Temoin,G8,1,Sax.hir,4,0,
31/07/18,G1,PO,Temoin,G8,1,Dry.int,5,0,
31/07/18,G1,PO,Temoin,G8,1,Sal.ret,6,7,1
31/07/18,G1,PO,Temoin,G8,1,Dicot.oboval,7,1,
31/07/18,G1,PO,Temoin,G8,1,Poa.sp,8,1,
31/07/18,G1,PO,Temoin,F6,2,Sal.arc,1,9,
31/07/18,G1,PO,Temoin,F6,2,Arc.lat,2,6,
31/07/18,G1,PO,Temoin,F6,2,Luz.niv,3,3,
31/07/18,G1,PO,Temoin,F6,2,Sax.hir,4,1,
31/07/18,G1,PO,Temoin,F6,2,Dry.int,5,4,
31/07/18,G1,PO,Temoin,F6,2,Sal.ret,6,1,
31/07/18,G1,PO,Temoin,F6,2,Dicot.oboval,7,0,
31/07/18,G1,PO,Temoin,F6,2,Poa.sp,8,0,
31/07/18,G1,PO,Temoin,E6,3,Sal.arc,1,6,
31/07/18,G1,PO,Temoin,E6,3,Arc.lat,2,6,
31/07/18,G1,PO,Temoin,E6,3,Luz.niv,3,0,
31/07/18,G1,PO,Temoin,E6,3,Sax.hir,4,0,
31/07/18,G1,PO,Temoin,E6,3,Dry.int,5,0,
31/07/18,G1,PO,Temoin,E6,3,Sal.ret,6,4,
31/07/18,G1,PO,Temoin,E6,3,Dicot.oboval,7,0,
31/07/18,G1,PO,Temoin,E6,3,Poa.sp,8,0,
31/07/18,G1,PO,Temoin,,4,Sal.arc,1,1,
31/07/18,G1,PO,Temoin,,4,Arc.lat,2,11,
31/07/18,G1,PO,Temoin,,4,Luz.niv,3,3,
31/07/18,G1,PO,Temoin,,4,Sax.hir,4,0,
31/07/18,G1,PO,Temoin,,4,Dry.int,5,0,
31/07/18,G1,PO,Temoin,,4,Sal.ret,6,1,
31/07/18,G1,PO,Temoin,,4,Dicot.oboval,7,0,
31/07/18,G1,PO,Temoin,,4,Poa.sp,8,0,
31/07/18,E1,PO,Exclos,D6,1,Sal.arc,1,1,
31/07/18,E1,PO,Exclos,D6,1,Sal.ret,2,2,
31/07/18,E1,PO,Exclos,D6,1,Arc.lat,3,8,
31/07/18,E1,PO,Exclos,D6,1,Luz.con,4,0,
31/07/18,E1,PO,Exclos,C2,2,Sal.arc,1,2,
31/07/18,E1,PO,Exclos,C2,2,Sal.ret,2,4,4
31/07/18,E1,PO,Exclos,C2,2,Arc.lat,3,14,1
31/07/18,E1,PO,Exclos,C2,2,Luz.con,4,1,
31/07/18,E1,PO,Exclos,E1,3,Sal.arc,1,3,
31/07/18,E1,PO,Exclos,E1,3,Sal.ret,2,0,
31/07/18,E1,PO,Exclos,E1,3,Arc.lat,3,8,1
31/07/18,E1,PO,Exclos,E1,3,Luz.con,4,0,
31/07/18,E1,PO,Exclos,F4,4,Sal.arc,1,2,
31/07/18,E1,PO,Exclos,F4,4,Sal.ret,2,0,
31/07/18,E1,PO,Exclos,F4,4,Arc.lat,3,2,
31/07/18,E1,PO,Exclos,F4,4,Luz.con,4,0,
31/07/18,E1,PO,Temoin,G4,1,Arc.lat,1,3,
31/07/18,E1,PO,Temoin,G4,1,Ste.lon,2,2,
31/07/18,E1,PO,Temoin,G4,1,Luz.con,3,1,
31/07/18,E1,PO,Temoin,G4,1,Sal.arc,4,0,
31/07/18,E1,PO,Temoin,F6,2,Arc.lat,1,2,
31/07/18,E1,PO,Temoin,F6,2,Ste.lon,2,1,
31/07/18,E1,PO,Temoin,F6,2,Luz.con,3,0,
31/07/18,E1,PO,Temoin,F6,2,Sal.arc,4,7,
31/07/18,E1,PO,Temoin,D1,3,Arc.lat,1,0,
31/07/18,E1,PO,Temoin,D1,3,Ste.lon,2,1,
31/07/18,E1,PO,Temoin,D1,3,Luz.con,3,1,
31/07/18,E1,PO,Temoin,D1,3,Sal.arc,4,8,
31/07/18,E1,PO,Temoin,D2,4,Arc.lat,1,5,
31/07/18,E1,PO,Temoin,D2,4,Ste.lon,2,2,
31/07/18,E1,PO,Temoin,D2,4,Luz.con,3,3,
31/07/18,E1,PO,Temoin,D2,4,Sal.arc,4,4,
31/07/18,F1,PO,Exclos,H6,1,Sal.arc,1,5,
31/07/18,F1,PO,Exclos,H6,1,Arc.lat,2,3,
31/07/18,F1,PO,Exclos,H6,1,Sal.ret,3,0,
31/07/18,F1,PO,Exclos,H6,1,Luz.con,4,0,
31/07/18,F1,PO,Exclos,H4,2,Sal.arc,1,4,
31/07/18,F1,PO,Exclos,H4,2,Arc.lat,2,0,
31/07/18,F1,PO,Exclos,H4,2,Sal.ret,3,0,
31/07/18,F1,PO,Exclos,H4,2,Luz.con,4,0,
31/07/18,F1,PO,Exclos,D4,3,Sal.arc,1,0,
31/07/18,F1,PO,Exclos,D4,3,Arc.lat,2,0,
31/07/18,F1,PO,Exclos,D4,3,Sal.ret,3,2,
31/07/18,F1,PO,Exclos,D4,3,Luz.con,4,1,
31/07/18,F1,PO,Exclos,D2,4,Sal.arc,1,6,
31/07/18,F1,PO,Exclos,D2,4,Arc.lat,2,4,1
31/07/18,F1,PO,Exclos,D2,4,Sal.ret,3,3,
31/07/18,F1,PO,Exclos,D2,4,Luz.con,4,0,
31/07/18,F1,PO,Temoin,E6,1,Sal.arc,1,1,
31/07/18,F1,PO,Temoin,E6,1,Luz.niv,2,0,
31/07/18,F1,PO,Temoin,E6,1,Dup.fis,3,1,
31/07/18,F1,PO,Temoin,E6,1,Sal.ret,4,0,
31/07/18,F1,PO,Temoin,E6,1,Ste.lon,5,0,
31/07/18,F1,PO,Temoin,C5,2,Sal.arc,1,4,
31/07/18,F1,PO,Temoin,C5,2,Luz.niv,2,1,
31/07/18,F1,PO,Temoin,C5,2,Dup.fis,3,1,
31/07/18,F1,PO,Temoin,C5,2,Sal.ret,4,0,
31/07/18,F1,PO,Temoin,C5,2,Ste.lon,5,0,
31/07/18,F1,PO,Temoin,G4,3,Sal.arc,1,1,
31/07/18,F1,PO,Temoin,G4,3,Luz.niv,2,0,
31/07/18,F1,PO,Temoin,G4,3,Dup.fis,3,0,
31/07/18,F1,PO,Temoin,G4,3,Sal.ret,4,12,3
31/07/18,F1,PO,Temoin,G4,3,Ste.lon,5,2,
31/07/18,F1,PO,Temoin,F5,4,Sal.arc,1,3,
31/07/18,F1,PO,Temoin,F5,4,Luz.niv,2,0,
31/07/18,F1,PO,Temoin,F5,4,Dup.fis,3,2,
31/07/18,F1,PO,Temoin,F5,4,Sal.ret,4,0,
31/07/18,F1,PO,Temoin,F5,4,Ste.lon,5,0,
02/08/18,26,PA,Exclos,E6,1,Eri.sch,1,12,
02/08/18,26,PA,Exclos,E6,1,Sal.arc,2,1,
02/08/18,26,PA,Exclos,E6,1,Luz.con,3,15,
02/08/18,26,PA,Exclos,E6,1,Car.aqu,4,4,
02/08/18,26,PA,Exclos,E6,1,Hie.pau,5,0,
02/08/18,26,PA,Exclos,E6,1,Arc.lat,6,0,
02/08/18,26,PA,Exclos,E6,1,Ste.lon,7,0,
02/08/18,26,PA,Exclos,C5,2,Eri.sch,1,10,
02/08/18,26,PA,Exclos,C5,2,Sal.arc,2,2,1
02/08/18,26,PA,Exclos,C5,2,Luz.con,3,6,
02/08/18,26,PA,Exclos,C5,2,Car.aqu,4,2,
02/08/18,26,PA,Exclos,C5,2,Hie.pau,5,3,
02/08/18,26,PA,Exclos,C5,2,Arc.lat,6,1,
02/08/18,26,PA,Exclos,C5,2,Ste.lon,7,0,
02/08/18,26,PA,Exclos,F5,3,Eri.sch,1,3,
02/08/18,26,PA,Exclos,F5,3,Sal.arc,2,0,
02/08/18,26,PA,Exclos,F5,3,Luz.con,3,6,
02/08/18,26,PA,Exclos,F5,3,Car.aqu,4,3,
02/08/18,26,PA,Exclos,F5,3,Hie.pau,5,0,
02/08/18,26,PA,Exclos,F5,3,Arc.lat,6,0,
02/08/18,26,PA,Exclos,F5,3,Ste.lon,7,2,
02/08/18,26,PA,Exclos,G4,4,Eri.sch,1,16,
02/08/18,26,PA,Exclos,G4,4,Sal.arc,2,2,
02/08/18,26,PA,Exclos,G4,4,Luz.con,3,4,
02/08/18,26,PA,Exclos,G4,4,Car.aqu,4,1,
02/08/18,26,PA,Exclos,G4,4,Hie.pau,5,0,
02/08/18,26,PA,Exclos,G4,4,Arc.lat,6,1,
02/08/18,26,PA,Exclos,G4,4,Ste.lon,7,2,
02/08/18,26,PA,Temoin,D4,1,Sal.arc,1,5,
02/08/18,26,PA,Temoin,D4,1,Dup.fis,2,0,
02/08/18,26,PA,Temoin,D4,1,Car.aqu,3,2,
02/08/18,26,PA,Temoin,D4,1,Eri.sch,4,2,
02/08/18,26,PA,Temoin,D4,1,Luz.con,5,0,
02/08/18,26,PA,Temoin,D4,1,Arc.lat,6,0,
02/08/18,26,PA,Temoin,F6,2,Sal.arc,1,6,
02/08/18,26,PA,Temoin,F6,2,Dup.fis,2,10,
02/08/18,26,PA,Temoin,F6,2,Car.aqu,3,4,
02/08/18,26,PA,Temoin,F6,2,Eri.sch,4,2,
02/08/18,26,PA,Temoin,F6,2,Luz.con,5,3,
02/08/18,26,PA,Temoin,F6,2,Arc.lat,6,2,
02/08/18,26,PA,Temoin,F7,3,Sal.arc,1,4,
02/08/18,26,PA,Temoin,F7,3,Dup.fis,2,4,
02/08/18,26,PA,Temoin,F7,3,Car.aqu,3,0,
02/08/18,26,PA,Temoin,F7,3,Eri.sch,4,0,
02/08/18,26,PA,Temoin,F7,3,Luz.con,5,0,
02/08/18,26,PA,Temoin,F7,3,Arc.lat,6,2,
02/08/18,26,PA,Temoin,F8,4,Sal.arc,1,2,
02/08/18,26,PA,Temoin,F8,4,Dup.fis,2,0,
02/08/18,26,PA,Temoin,F8,4,Car.aqu,3,0,
02/08/18,26,PA,Temoin,F8,4,Eri.sch,4,0,
02/08/18,26,PA,Temoin,F8,4,Luz.con,5,0,
02/08/18,26,PA,Temoin,F8,4,Arc.lat,6,0,
02/08/18,43,PA,Exclos,H7,1,Sal.arc,1,6,
02/08/18,43,PA,Exclos,H7,1,Eri.sch,2,1,
02/08/18,43,PA,Exclos,H7,1,Luz.con,3,0,
02/08/18,43,PA,Exclos,H7,1,Ste.lon,4,0,
02/08/18,43,PA,Exclos,H7,1,Car.aqu,5,0,
02/08/18,43,PA,Exclos,H7,1,Dup.fis,6,0,
02/08/18,43,PA,Exclos,H7,1,Hie.pau,7,0,
02/08/18,43,PA,Exclos,C1,2,Sal.arc,1,0,
02/08/18,43,PA,Exclos,C1,2,Eri.sch,2,0,
02/08/18,43,PA,Exclos,C1,2,Luz.con,3,11,
02/08/18,43,PA,Exclos,C1,2,Ste.lon,4,2,1
02/08/18,43,PA,Exclos,C1,2,Car.aqu,5,0,
02/08/18,43,PA,Exclos,C1,2,Dup.fis,6,0,
02/08/18,43,PA,Exclos,C1,2,Hie.pau,7,0,
02/08/18,43,PA,Exclos,A7,3,Sal.arc,1,0,
02/08/18,43,PA,Exclos,A7,3,Eri.sch,2,1,
02/08/18,43,PA,Exclos,A7,3,Luz.con,3,0,
02/08/18,43,PA,Exclos,A7,3,Ste.lon,4,0,
02/08/18,43,PA,Exclos,A7,3,Car.aqu,5,3,
02/08/18,43,PA,Exclos,A7,3,Dup.fis,6,0,
02/08/18,43,PA,Exclos,A7,3,Hie.pau,7,0,
02/08/18,43,PA,Exclos,G7,4,Sal.arc,1,4,
02/08/18,43,PA,Exclos,G7,4,Eri.sch,2,0,
02/08/18,43,PA,Exclos,G7,4,Luz.con,3,0,
02/08/18,43,PA,Exclos,G7,4,Ste.lon,4,0,
02/08/18,43,PA,Exclos,G7,4,Car.aqu,5,0,
02/08/18,43,PA,Exclos,G7,4,Dup.fis,6,4,
02/08/18,43,PA,Exclos,G7,4,Hie.pau,7,2,
02/08/18,43,PA,Temoin,D3,1,Sal.arc,1,0,
02/08/18,43,PA,Temoin,D3,1,Car.aqu,2,5,
02/08/18,43,PA,Temoin,D3,1,Arc.lat,3,3,
02/08/18,43,PA,Temoin,D3,1,Eri.sch,4,3,
02/08/18,43,PA,Temoin,D3,1,Dup.fis,5,0,
02/08/18,43,PA,Temoin,D4,2,Sal.arc,1,0,
02/08/18,43,PA,Temoin,D4,2,Car.aqu,2,5,
02/08/18,43,PA,Temoin,D4,2,Arc.lat,3,4,
02/08/18,43,PA,Temoin,D4,2,Eri.sch,4,0,
02/08/18,43,PA,Temoin,D4,2,Dup.fis,5,0,
02/08/18,43,PA,Temoin,D5,3,Sal.arc,1,1,
02/08/18,43,PA,Temoin,D5,3,Car.aqu,2,0,
02/08/18,43,PA,Temoin,D5,3,Arc.lat,3,0,
02/08/18,43,PA,Temoin,D5,3,Eri.sch,4,0,
02/08/18,43,PA,Temoin,D5,3,Dup.fis,5,1,
02/08/18,43,PA,Temoin,F5,4,Sal.arc,1,0,
02/08/18,43,PA,Temoin,F5,4,Car.aqu,2,4,
02/08/18,43,PA,Temoin,F5,4,Arc.lat,3,0,
02/08/18,43,PA,Temoin,F5,4,Eri.sch,4,5,
02/08/18,43,PA,Temoin,F5,4,Dup.fis,5,2,
02/08/18,ROC6,14,Exclos,G4,1,Ste.lon,1,37,
02/08/18,ROC6,14,Exclos,G4,1,Poa.arc,2,126,
02/08/18,ROC6,14,Exclos,G4,1,Hie.pau,3,6,
02/08/18,ROC6,14,Exclos,G4,1,Poaceae.sp.court,4,1,
02/08/18,ROC6,14,Exclos,G4,1,Poaceae.sp,5,0,
02/08/18,ROC6,14,Exclos,G3,2,Ste.lon,1,17,
02/08/18,ROC6,14,Exclos,G3,2,Poa.arc,2,138,4
02/08/18,ROC6,14,Exclos,G3,2,Hie.pau,3,0,
02/08/18,ROC6,14,Exclos,G3,2,Poaceae.sp.court,4,5,
02/08/18,ROC6,14,Exclos,G3,2,Poaceae.sp,5,3,
02/08/18,ROC6,14,Exclos,F6,3,Ste.lon,1,83,
02/08/18,ROC6,14,Exclos,F6,3,Poa.arc,2,29,
02/08/18,ROC6,14,Exclos,F6,3,Hie.pau,3,0,
02/08/18,ROC6,14,Exclos,F6,3,Poaceae.sp.court,4,9,
02/08/18,ROC6,14,Exclos,F6,3,Poaceae.sp,5,0,
02/08/18,ROC6,14,Exclos,D1,4,Ste.lon,1,14,
02/08/18,ROC6,14,Exclos,D1,4,Poa.arc,2,126,6
02/08/18,ROC6,14,Exclos,D1,4,Hie.pau,3,,
02/08/18,ROC6,14,Exclos,D1,4,Poaceae.sp.court,4,,
02/08/18,ROC6,14,Exclos,D1,4,Poaceae.sp,5,,
02/08/18,ROC7,10,Temoin,B2,1,Hie.pau,1,24,1
02/08/18,ROC7,10,Temoin,B2,1,Sax.fol,2,0,
02/08/18,ROC7,10,Temoin,B2,1,Ste.lon,3,0,
02/08/18,ROC7,10,Temoin,B2,1,Dup.fis,4,20,
02/08/18,ROC7,10,Temoin,B2,1,Poa.arc,5,0,
02/08/18,ROC7,10,Temoin,B2,1,Car.aqu,6,0,
02/08/18,ROC7,10,Temoin,B2,1,Eri.sch,7,3,
02/08/18,ROC7,10,Temoin,G5,2,Hie.pau,1,22,
02/08/18,ROC7,10,Temoin,G5,2,Sax.fol,2,6,5
02/08/18,ROC7,10,Temoin,G5,2,Ste.lon,3,5,
02/08/18,ROC7,10,Temoin,G5,2,Dup.fis,4,8,
02/08/18,ROC7,10,Temoin,G5,2,Poa.arc,5,9,
02/08/18,ROC7,10,Temoin,G5,2,Car.aqu,6,1,
02/08/18,ROC7,10,Temoin,G5,2,Eri.sch,7,2,
02/08/18,ROC7,10,Temoin,D6,3,Hie.pau,1,8,
02/08/18,ROC7,10,Temoin,D6,3,Sax.fol,2,1,1
02/08/18,ROC7,10,Temoin,D6,3,Ste.lon,3,0,
02/08/18,ROC7,10,Temoin,D6,3,Dup.fis,4,18,
02/08/18,ROC7,10,Temoin,D6,3,Poa.arc,5,34,2
02/08/18,ROC7,10,Temoin,D6,3,Car.aqu,6,2,
02/08/18,ROC7,10,Temoin,D6,3,Eri.sch,7,16,
02/08/18,ROC7,10,Temoin,E3,4,Hie.pau,1,22,
02/08/18,ROC7,10,Temoin,E3,4,Sax.fol,2,0,
02/08/18,ROC7,10,Temoin,E3,4,Ste.lon,3,0,
02/08/18,ROC7,10,Temoin,E3,4,Dup.fis,4,18,
02/08/18,ROC7,10,Temoin,E3,4,Poa.arc,5,10,
02/08/18,ROC7,10,Temoin,E3,4,Car.aqu,6,0,
02/08/18,ROC7,10,Temoin,E3,4,Eri.sch,7,1,
03/08/18,ROC6,14,Temoin,H3,1,Dup.fis,1,65,
03/08/18,ROC6,14,Temoin,H3,1,Poa.sp,2,6,
03/08/18,ROC6,14,Temoin,H3,1,Car.pra,3,5,
03/08/18,ROC6,14,Temoin,H3,1,Hie.pau,4,4,
03/08/18,ROC6,14,Temoin,H3,1,Ste.lon,5,4,
03/08/18,ROC6,14,Temoin,H3,1,Eri.ang,6,2,
03/08/18,ROC6,14,Temoin,H3,1,Ran.hyp,7,0,
03/08/18,ROC6,14,Temoin,H3,1,Eri.sch,8,0,
03/08/18,ROC6,14,Temoin,E3,2,Dup.fis,1,32,
03/08/18,ROC6,14,Temoin,E3,2,Poa.sp,2,0,
03/08/18,ROC6,14,Temoin,E3,2,Car.pra,3,6,
03/08/18,ROC6,14,Temoin,E3,2,Hie.pau,4,0,
03/08/18,ROC6,14,Temoin,E3,2,Ste.lon,5,33,
03/08/18,ROC6,14,Temoin,E3,2,Eri.ang,6,1,
03/08/18,ROC6,14,Temoin,E3,2,Ran.hyp,7,2,
03/08/18,ROC6,14,Temoin,E3,2,Eri.sch,8,0,
03/08/18,ROC6,14,Temoin,A7,3,Dup.fis,1,61,
03/08/18,ROC6,14,Temoin,A7,3,Poa.sp,2,0,
03/08/18,ROC6,14,Temoin,A7,3,Car.pra,3,11,
03/08/18,ROC6,14,Temoin,A7,3,Hie.pau,4,3,
03/08/18,ROC6,14,Temoin,A7,3,Ste.lon,5,0,
03/08/18,ROC6,14,Temoin,A7,3,Eri.ang,6,0,
03/08/18,ROC6,14,Temoin,A7,3,Ran.hyp,7,0,
03/08/18,ROC6,14,Temoin,A7,3,Eri.sch,8,6,
03/08/18,ROC6,14,Temoin,G5,4,Dup.fis,1,46,
03/08/18,ROC6,14,Temoin,G5,4,Poa.sp,2,17,
03/08/18,ROC6,14,Temoin,G5,4,Car.pra,3,18,
03/08/18,ROC6,14,Temoin,G5,4,Hie.pau,4,2,
03/08/18,ROC6,14,Temoin,G5,4,Ste.lon,5,0,
03/08/18,ROC6,14,Temoin,G5,4,Eri.ang,6,0,
03/08/18,ROC6,14,Temoin,G5,4,Ran.hyp,7,1,
03/08/18,ROC6,14,Temoin,G5,4,Eri.sch,8,0,
03/08/18,ROC6,10,Exclos,G2,1,Hie.pau,1,35,
03/08/18,ROC6,10,Exclos,G2,1,Dup.fis,2,10,
03/08/18,ROC6,10,Exclos,G2,1,Eri.ang,3,1,
03/08/18,ROC6,10,Exclos,G2,1,Eri.sch,4,1,
03/08/18,ROC6,10,Exclos,G2,1,Car.pra,5,0,
03/08/18,ROC6,10,Exclos,G2,1,Fes.bra,6,0,
03/08/18,ROC6,10,Exclos,F3,2,Hie.pau,1,24,
03/08/18,ROC6,10,Exclos,F3,2,Dup.fis,2,14,
03/08/18,ROC6,10,Exclos,F3,2,Eri.ang,3,1,
03/08/18,ROC6,10,Exclos,F3,2,Eri.sch,4,0,
03/08/18,ROC6,10,Exclos,F3,2,Car.pra,5,0,
03/08/18,ROC6,10,Exclos,F3,2,Fes.bra,6,0,
03/08/18,ROC6,10,Exclos,A6,3,Hie.pau,1,0,
03/08/18,ROC6,10,Exclos,A6,3,Dup.fis,2,12,
03/08/18,ROC6,10,Exclos,A6,3,Eri.ang,3,2,
03/08/18,ROC6,10,Exclos,A6,3,Eri.sch,4,4,
03/08/18,ROC6,10,Exclos,A6,3,Car.pra,5,1,
03/08/18,ROC6,10,Exclos,A6,3,Fes.bra,6,0,
03/08/18,ROC6,10,Exclos,C4,4,Hie.pau,1,13,
03/08/18,ROC6,10,Exclos,C4,4,Dup.fis,2,3,
03/08/18,ROC6,10,Exclos,C4,4,Eri.ang,3,1,
03/08/18,ROC6,10,Exclos,C4,4,Eri.sch,4,0,
03/08/18,ROC6,10,Exclos,C4,4,Car.pra,5,0,
03/08/18,ROC6,10,Exclos,C4,4,Fes.bra,6,238,63
04/08/18,ROC6,10,Temoin,D6,1,Dup.fis,1,7,
04/08/18,ROC6,10,Temoin,D6,1,Poa.arc,2,9,
04/08/18,ROC6,10,Temoin,D6,1,Hie.pau,3,2,
04/08/18,ROC6,10,Temoin,D6,1,Eri.ang,4,0,
04/08/18,ROC6,10,Temoin,D6,1,Eri.sch,5,1,
04/08/18,ROC6,10,Temoin,D6,1,Car.pra,6,0,
04/08/18,ROC6,10,Temoin,E1,2,Dup.fis,1,11,
04/08/18,ROC6,10,Temoin,E1,2,Poa.arc,2,0,
04/08/18,ROC6,10,Temoin,E1,2,Hie.pau,3,0,
04/08/18,ROC6,10,Temoin,E1,2,Eri.ang,4,1,
04/08/18,ROC6,10,Temoin,E1,2,Eri.sch,5,0,
04/08/18,ROC6,10,Temoin,E1,2,Car.pra,6,0,
04/08/18,ROC6,10,Temoin,F4,3,Dup.fis,1,32,1
04/08/18,ROC6,10,Temoin,F4,3,Poa.arc,2,0,
04/08/18,ROC6,10,Temoin,F4,3,Hie.pau,3,0,
04/08/18,ROC6,10,Temoin,F4,3,Eri.ang,4,1,
04/08/18,ROC6,10,Temoin,F4,3,Eri.sch,5,3,
04/08/18,ROC6,10,Temoin,F4,3,Car.pra,6,1,
04/08/18,ROC6,10,Temoin,C2,4,Dup.fis,1,39,
04/08/18,ROC6,10,Temoin,C2,4,Poa.arc,2,0,
04/08/18,ROC6,10,Temoin,C2,4,Hie.pau,3,7,
04/08/18,ROC6,10,Temoin,C2,4,Eri.ang,4,6,
04/08/18,ROC6,10,Temoin,C2,4,Eri.sch,5,0,
04/08/18,ROC6,10,Temoin,C2,4,Car.pra,6,0,
04/08/18,ROC6,6,Exclos,D4,1,Dup.fis,1,26,
04/08/18,ROC6,6,Exclos,D4,1,Sax.hir,2,20,
04/08/18,ROC6,6,Exclos,D4,1,Ste.lon,3,15,
04/08/18,ROC6,6,Exclos,D4,1,Eri.ang,4,4,
04/08/18,ROC6,6,Exclos,D4,1,Eri.sch,5,1,
04/08/18,ROC6,6,Exclos,D4,1,Sax.fol,6,0,
04/08/18,ROC6,6,Exclos,D4,1,Car.aqu,7,0,
04/08/18,ROC6,6,Exclos,D8,2,Dup.fis,1,34,
04/08/18,ROC6,6,Exclos,D8,2,Sax.hir,2,0,
04/08/18,ROC6,6,Exclos,D8,2,Ste.lon,3,0,
04/08/18,ROC6,6,Exclos,D8,2,Eri.ang,4,7,
04/08/18,ROC6,6,Exclos,D8,2,Eri.sch,5,1,
04/08/18,ROC6,6,Exclos,D8,2,Sax.fol,6,0,
04/08/18,ROC6,6,Exclos,D8,2,Car.aqu,7,0,
04/08/18,ROC6,6,Exclos,F3,3,Dup.fis,1,24,
04/08/18,ROC6,6,Exclos,F3,3,Sax.hir,2,2,
04/08/18,ROC6,6,Exclos,F3,3,Ste.lon,3,3,
04/08/18,ROC6,6,Exclos,F3,3,Eri.ang,4,1,
04/08/18,ROC6,6,Exclos,F3,3,Eri.sch,5,3,
04/08/18,ROC6,6,Exclos,F3,3,Sax.fol,6,0,
04/08/18,ROC6,6,Exclos,F3,3,Car.aqu,7,0,
04/08/18,ROC6,6,Exclos,H7,4,Dup.fis,1,28,
04/08/18,ROC6,6,Exclos,H7,4,Sax.hir,2,5,
04/08/18,ROC6,6,Exclos,H7,4,Ste.lon,3,0,
04/08/18,ROC6,6,Exclos,H7,4,Eri.ang,4,1,
04/08/18,ROC6,6,Exclos,H7,4,Eri.sch,5,3,
04/08/18,ROC6,6,Exclos,H7,4,Sax.fol,6,1,
04/08/18,ROC6,6,Exclos,H7,4,Car.aqu,7,4,
04/08/18,ROC6,1,Temoin,H4,1,Dup.fis,1,14,
04/08/18,ROC6,1,Temoin,H4,1,Eri.sch,2,2,
04/08/18,ROC6,1,Temoin,D4,2,Dup.fis,1,13,
04/08/18,ROC6,1,Temoin,D4,2,Eri.sch,2,3,
04/08/18,ROC6,1,Temoin,H5,3,Dup.fis,1,33,
04/08/18,ROC6,1,Temoin,H5,3,Eri.sch,2,0,
04/08/18,ROC6,1,Temoin,H2,4,Dup.fis,1,15,
04/08/18,ROC6,1,Temoin,H2,4,Eri.sch,2,2,
04/08/18,ROC6,1,Exclos,G8,1,Dup.fis,1,10,
04/08/18,ROC6,1,Exclos,G8,1,Ste.lon,2,0,
04/08/18,ROC6,1,Exclos,G8,1,Eri.sch,3,0,
04/08/18,ROC6,1,Exclos,G8,1,Car.pra,4,0,
04/08/18,ROC6,1,Exclos,H6,2,Dup.fis,1,11,
04/08/18,ROC6,1,Exclos,H6,2,Ste.lon,2,0,
04/08/18,ROC6,1,Exclos,H6,2,Eri.sch,3,1,1
04/08/18,ROC6,1,Exclos,H6,2,Car.pra,4,0,
04/08/18,ROC6,1,Exclos,C4,3,Dup.fis,1,7,
04/08/18,ROC6,1,Exclos,C4,3,Ste.lon,2,1,
04/08/18,ROC6,1,Exclos,C4,3,Eri.sch,3,0,
04/08/18,ROC6,1,Exclos,C4,3,Car.pra,4,0,
04/08/18,ROC6,1,Exclos,B8,4,Dup.fis,1,10,
04/08/18,ROC6,1,Exclos,B8,4,Ste.lon,2,0,
04/08/18,ROC6,1,Exclos,B8,4,Eri.sch,3,5,
04/08/18,ROC6,1,Exclos,B8,4,Car.pra,4,1,
04/08/18,ROC6,6,Temoin,C8,1,Dup.fis,1,44,
04/08/18,ROC6,6,Temoin,C8,1,Car.pra,2,13,
04/08/18,ROC6,6,Temoin,C8,1,Eri.ang,3,0,
04/08/18,ROC6,6,Temoin,C8,1,Eri.sch,4,0,
04/08/18,ROC6,6,Temoin,C8,1,Sax.fol,5,0,
04/08/18,ROC6,6,Temoin,E8,2,Dup.fis,1,41,
04/08/18,ROC6,6,Temoin,E8,2,Car.pra,2,3,
04/08/18,ROC6,6,Temoin,E8,2,Eri.ang,3,9,
04/08/18,ROC6,6,Temoin,E8,2,Eri.sch,4,0,
04/08/18,ROC6,6,Temoin,E8,2,Sax.fol,5,0,
04/08/18,ROC6,6,Temoin,G6,3,Dup.fis,1,58,
04/08/18,ROC6,6,Temoin,G6,3,Car.pra,2,0,
04/08/18,ROC6,6,Temoin,G6,3,Eri.ang,3,7,
04/08/18,ROC6,6,Temoin,G6,3,Eri.sch,4,4,
04/08/18,ROC6,6,Temoin,G6,3,Sax.fol,5,1,1
04/08/18,ROC6,6,Temoin,F2,4,Dup.fis,1,16,
04/08/18,ROC6,6,Temoin,F2,4,Car.pra,2,0,
04/08/18,ROC6,6,Temoin,F2,4,Eri.ang,3,4,
04/08/18,ROC6,6,Temoin,F2,4,Eri.sch,4,4,
04/08/18,ROC6,6,Temoin,F2,4,Sax.fol,5,0,
04/08/18,33,PS,Exclos,A6,1,Dup.fis,1,25,
04/08/18,33,PS,Exclos,A6,1,Eri.ang,2,4,
04/08/18,33,PS,Exclos,A6,1,Hie.pau,3,1,
04/08/18,33,PS,Exclos,A6,1,Eri.sch,4,6,
04/08/18,33,PS,Exclos,A6,1,Ste.lon,5,0,
04/08/18,33,PS,Exclos,A6,1,Sal.arc,6,0,
04/08/18,33,PS,Exclos,A6,1,Sal.ret,7,0,
04/08/18,33,PS,Exclos,A6,1,Car.aqu,8,0,
04/08/18,33,PS,Exclos,E7,2,Dup.fis,1,13,
04/08/18,33,PS,Exclos,E7,2,Eri.ang,2,4,
04/08/18,33,PS,Exclos,E7,2,Hie.pau,3,2,
04/08/18,33,PS,Exclos,E7,2,Eri.sch,4,0,
04/08/18,33,PS,Exclos,E7,2,Ste.lon,5,0,
04/08/18,33,PS,Exclos,E7,2,Sal.arc,6,0,
04/08/18,33,PS,Exclos,E7,2,Sal.ret,7,0,
04/08/18,33,PS,Exclos,E7,2,Car.aqu,8,0,
04/08/18,33,PS,Exclos,D2,3,Dup.fis,1,6,
04/08/18,33,PS,Exclos,D2,3,Eri.ang,2,1,
04/08/18,33,PS,Exclos,D2,3,Hie.pau,3,6,
04/08/18,33,PS,Exclos,D2,3,Eri.sch,4,1,
04/08/18,33,PS,Exclos,D2,3,Ste.lon,5,7,
04/08/18,33,PS,Exclos,D2,3,Sal.arc,6,1,
04/08/18,33,PS,Exclos,D2,3,Sal.ret,7,1,
04/08/18,33,PS,Exclos,D2,3,Car.aqu,8,6,
04/08/18,33,PS,Exclos,H3,4,Dup.fis,1,4,
04/08/18,33,PS,Exclos,H3,4,Eri.ang,2,6,
04/08/18,33,PS,Exclos,H3,4,Hie.pau,3,8,
04/08/18,33,PS,Exclos,H3,4,Eri.sch,4,2,
04/08/18,33,PS,Exclos,H3,4,Ste.lon,5,0,
04/08/18,33,PS,Exclos,H3,4,Sal.arc,6,0,
04/08/18,33,PS,Exclos,H3,4,Sal.ret,7,0,
04/08/18,33,PS,Exclos,H3,4,Car.aqu,8,1,
05/08/18,33,PS,Temoin,G7,1,Dup.fis,1,39,2
05/08/18,33,PS,Temoin,G7,1,Eri.sch,2,5,
05/08/18,33,PS,Temoin,H1,2,Dup.fis,1,47,
05/08/18,33,PS,Temoin,H1,2,Eri.sch,2,3,
05/08/18,33,PS,Temoin,E8,3,Dup.fis,1,63,2
05/08/18,33,PS,Temoin,E8,3,Eri.sch,2,12,
05/08/18,33,PS,Temoin,F4,4,Dup.fis,1,36,
05/08/18,33,PS,Temoin,F4,4,Eri.sch,2,4,
05/08/18,36,PS,Temoin,E2,1,Dup.fis,1,25,
05/08/18,36,PS,Temoin,E2,1,Eri.sch,2,3,
05/08/18,36,PS,Temoin,E2,1,Car.aqu,3,1,
05/08/18,36,PS,Temoin,E2,1,Ple.sab,4,0,
05/08/18,36,PS,Temoin,A8,2,Dup.fis,1,21,
05/08/18,36,PS,Temoin,A8,2,Eri.sch,2,4,
05/08/18,36,PS,Temoin,A8,2,Car.aqu,3,0,
05/08/18,36,PS,Temoin,A8,2,Ple.sab,4,0,
05/08/18,36,PS,Temoin,H4,3,Dup.fis,1,18,
05/08/18,36,PS,Temoin,H4,3,Eri.sch,2,3,
05/08/18,36,PS,Temoin,H4,3,Car.aqu,3,0,
05/08/18,36,PS,Temoin,H4,3,Ple.sab,4,8,
05/08/18,36,PS,Temoin,F3,4,Dup.fis,1,28,
05/08/18,36,PS,Temoin,F3,4,Eri.sch,2,4,
05/08/18,36,PS,Temoin,F3,4,Car.aqu,3,5,
05/08/18,36,PS,Temoin,F3,4,Ple.sab,4,2,
05/08/18,36,PS,Exclos,G2,1,Dup.fis,1,20,
05/08/18,36,PS,Exclos,G2,1,Car.aqu,2,7,
05/08/18,36,PS,Exclos,G2,1,Eri.sch,3,5,
05/08/18,36,PS,Exclos,G2,1,Eri.ang,4,3,
05/08/18,36,PS,Exclos,G2,1,Poaceae.sp.lig,5,0,
05/08/18,36,PS,Exclos,G2,1,Car.pra,6,1,
05/08/18,36,PS,Exclos,E5,2,Dup.fis,1,8,
05/08/18,36,PS,Exclos,E5,2,Car.aqu,2,4,
05/08/18,36,PS,Exclos,E5,2,Eri.sch,3,1,
05/08/18,36,PS,Exclos,E5,2,Eri.ang,4,3,
05/08/18,36,PS,Exclos,E5,2,Poaceae.sp.lig,5,0,
05/08/18,36,PS,Exclos,E5,2,Car.pra,6,1,
05/08/18,36,PS,Exclos,B1,3,Dup.fis,1,15,
05/08/18,36,PS,Exclos,B1,3,Car.aqu,2,2,
05/08/18,36,PS,Exclos,B1,3,Eri.sch,3,0,
05/08/18,36,PS,Exclos,B1,3,Eri.ang,4,2,
05/08/18,36,PS,Exclos,B1,3,Poaceae.sp.lig,5,0,
05/08/18,36,PS,Exclos,B1,3,Car.pra,6,0,
05/08/18,36,PS,Exclos,C8,4,Dup.fis,1,18,
05/08/18,36,PS,Exclos,C8,4,Car.aqu,2,4,
05/08/18,36,PS,Exclos,C8,4,Eri.sch,3,2,
05/08/18,36,PS,Exclos,C8,4,Eri.ang,4,0,
05/08/18,36,PS,Exclos,C8,4,Poaceae.sp.lig,5,1,
05/08/18,36,PS,Exclos,C8,4,Car.pra,6,0,
05/08/18,D1,PR,Temoin,G7,1,Arc.lat,1,13,
05/08/18,D1,PR,Temoin,G7,1,Sal.arc,2,0,
05/08/18,D1,PR,Temoin,G7,1,Sal.her,3,8,
05/08/18,D1,PR,Temoin,G7,1,Cas.tet,4,1,
05/08/18,D1,PR,Temoin,G7,1,Ste.lon,5,2,
05/08/18,D1,PR,Temoin,G7,1,Luz.niv,6,0,
05/08/18,D1,PR,Temoin,H7,2,Arc.lat,1,3,
05/08/18,D1,PR,Temoin,H7,2,Sal.arc,2,0,
05/08/18,D1,PR,Temoin,H7,2,Sal.her,3,0,
05/08/18,D1,PR,Temoin,H7,2,Cas.tet,4,23,2
05/08/18,D1,PR,Temoin,H7,2,Ste.lon,5,0,
05/08/18,D1,PR,Temoin,H7,2,Luz.niv,6,0,
05/08/18,D1,PR,Temoin,C1,3,Arc.lat,1,14,
05/08/18,D1,PR,Temoin,C1,3,Sal.arc,2,0,
05/08/18,D1,PR,Temoin,C1,3,Sal.her,3,7,
05/08/18,D1,PR,Temoin,C1,3,Cas.tet,4,3,
05/08/18,D1,PR,Temoin,C1,3,Ste.lon,5,1,
05/08/18,D1,PR,Temoin,C1,3,Luz.niv,6,4,
05/08/18,D1,PR,Temoin,A7,4,Arc.lat,1,3,
05/08/18,D1,PR,Temoin,A7,4,Sal.arc,2,4,
05/08/18,D1,PR,Temoin,A7,4,Sal.her,3,0,
05/08/18,D1,PR,Temoin,A7,4,Cas.tet,4,5,
05/08/18,D1,PR,Temoin,A7,4,Ste.lon,5,0,
05/08/18,D1,PR,Temoin,A7,4,Luz.niv,6,0,
05/08/18,D1,PR,Exclos,D4,1,Sal.arc,1,1,
05/08/18,D1,PR,Exclos,D4,1,Sal.her,2,15,
05/08/18,D1,PR,Exclos,D4,1,Arc.lat,3,9,
05/08/18,D1,PR,Exclos,D4,1,Ste.lon,4,1,
05/08/18,D1,PR,Exclos,D4,1,Oxy.dig,5,1,
05/08/18,D1,PR,Exclos,D4,1,Luz.niv,6,0,
05/08/18,D1,PR,Exclos,D3,2,Sal.arc,1,1,
05/08/18,D1,PR,Exclos,D3,2,Sal.her,2,27,
05/08/18,D1,PR,Exclos,D3,2,Arc.lat,3,6,
05/08/18,D1,PR,Exclos,D3,2,Ste.lon,4,0,
05/08/18,D1,PR,Exclos,D3,2,Oxy.dig,5,0,
05/08/18,D1,PR,Exclos,D3,2,Luz.niv,6,0,
05/08/18,D1,PR,Exclos,D5,3,Sal.arc,1,2,
05/08/18,D1,PR,Exclos,D5,3,Sal.her,2,30,
05/08/18,D1,PR,Exclos,D5,3,Arc.lat,3,2,
05/08/18,D1,PR,Exclos,D5,3,Ste.lon,4,0,
05/08/18,D1,PR,Exclos,D5,3,Oxy.dig,5,0,
05/08/18,D1,PR,Exclos,D5,3,Luz.niv,6,2,
05/08/18,D1,PR,Exclos,E5,4,Sal.arc,1,1,
05/08/18,D1,PR,Exclos,E5,4,Sal.her,2,1,
05/08/18,D1,PR,Exclos,E5,4,Arc.lat,3,3,
05/08/18,D1,PR,Exclos,E5,4,Ste.lon,4,0,
05/08/18,D1,PR,Exclos,E5,4,Oxy.dig,5,0,
05/08/18,D1,PR,Exclos,E5,4,Luz.niv,6,0,
05/08/18,B1,PR,Exclos,F5,1,Sal.arc,1,1,
05/08/18,B1,PR,Exclos,F5,1,Arc.lat,2,2,
05/08/18,B1,PR,Exclos,F5,1,Oxy.dig,3,0,
05/08/18,B1,PR,Exclos,F5,1,Ste.lon,4,1,
05/08/18,B1,PR,Exclos,F5,1,Poa.arc,5,0,
05/08/18,B1,PR,Exclos,H1,2,Sal.arc,1,7,
05/08/18,B1,PR,Exclos,H1,2,Arc.lat,2,1,
05/08/18,B1,PR,Exclos,H1,2,Oxy.dig,3,2,
05/08/18,B1,PR,Exclos,H1,2,Ste.lon,4,0,
05/08/18,B1,PR,Exclos,H1,2,Poa.arc,5,0,
05/08/18,B1,PR,Exclos,H1,3,Sal.arc,1,8,
05/08/18,B1,PR,Exclos,D5,3,Arc.lat,2,23,
05/08/18,B1,PR,Exclos,D5,3,Oxy.dig,3,0,
05/08/18,B1,PR,Exclos,D5,3,Ste.lon,4,2,
05/08/18,B1,PR,Exclos,D5,3,Poa.arc,5,7,
05/08/18,B1,PR,Exclos,E7,4,Sal.arc,1,4,
05/08/18,B1,PR,Exclos,E7,4,Arc.lat,2,9,
05/08/18,B1,PR,Exclos,E7,4,Oxy.dig,3,0,
05/08/18,B1,PR,Exclos,E7,4,Ste.lon,4,0,
05/08/18,B1,PR,Exclos,E7,4,Poa.arc,5,0,
06/08/18,B1,PR,Temoin,H6,1,Sal.arc,1,0,
06/08/18,B1,PR,Temoin,H6,1,Pol.viv,2,2,
06/08/18,B1,PR,Temoin,H6,1,Ste.lon,3,1,
06/08/18,B1,PR,Temoin,H6,1,Poa.arc,4,3,
06/08/18,B1,PR,Temoin,H6,1,Luz.niv,5,1,
06/08/18,B1,PR,Temoin,H6,1,Arc.lat,6,0,
06/08/18,B1,PR,Temoin,H4,2,Sal.arc,1,7,
06/08/18,B1,PR,Temoin,H4,2,Pol.viv,2,0,
06/08/18,B1,PR,Temoin,H4,2,Ste.lon,3,0,
06/08/18,B1,PR,Temoin,H4,2,Poa.arc,4,0,
06/08/18,B1,PR,Temoin,H4,2,Luz.niv,5,7,
06/08/18,B1,PR,Temoin,H4,2,Arc.lat,6,0,
06/08/18,B1,PR,Temoin,D4,3,Sal.arc,1,2,
06/08/18,B1,PR,Temoin,D4,3,Pol.viv,2,0,
06/08/18,B1,PR,Temoin,D4,3,Ste.lon,3,1,
06/08/18,B1,PR,Temoin,D4,3,Poa.arc,4,0,
06/08/18,B1,PR,Temoin,D4,3,Luz.niv,5,0,
06/08/18,B1,PR,Temoin,D4,3,Arc.lat,6,2,
06/08/18,B1,PR,Temoin,D2,4,Sal.arc,1,1,
06/08/18,B1,PR,Temoin,D2,4,Pol.viv,2,0,
06/08/18,B1,PR,Temoin,D2,4,Ste.lon,3,1,
06/08/18,B1,PR,Temoin,D2,4,Poa.arc,4,0,
06/08/18,B1,PR,Temoin,D2,4,Luz.niv,5,1,
06/08/18,B1,PR,Temoin,D2,4,Arc.lat,6,0,
06/08/18,A1,PR,Exclos,C1,1,Sal.arc,1,5,
06/08/18,A1,PR,Exclos,C1,1,Arc.lat,2,4,
06/08/18,A1,PR,Exclos,C1,1,Luz.con,3,1,
06/08/18,A1,PR,Exclos,C1,1,Pol.viv,4,0,
06/08/18,A1,PR,Exclos,C1,1,Luz.niv,5,1,
06/08/18,A1,PR,Exclos,A5,2,Sal.arc,1,4,
06/08/18,A1,PR,Exclos,A5,2,Arc.lat,2,4,
06/08/18,A1,PR,Exclos,A5,2,Luz.con,3,0,
06/08/18,A1,PR,Exclos,H5,3,Sal.arc,1,3,
06/08/18,A1,PR,Exclos,H5,3,Arc.lat,2,1,
06/08/18,A1,PR,Exclos,H5,3,Luz.con,3,3,
06/08/18,A1,PR,Exclos,H5,3,Pol.viv,4,2,
06/08/18,A1,PR,Exclos,H2,4,Sal.arc,1,0,
06/08/18,A1,PR,Exclos,H2,4,Arc.lat,2,7,1
06/08/18,A1,PR,Exclos,H2,4,Luz.con,3,0,
06/08/18,A1,PR,Exclos,H2,4,Pol.viv,4,4,
06/08/18,A1,PR,Exclos,H2,4,Luz.niv,5,3,
06/08/18,A1,PR,Temoin,C6,1,Sal.arc,1,2,
06/08/18,A1,PR,Temoin,C6,1,Arc.lat,2,5,
06/08/18,A1,PR,Temoin,C6,1,Pol.viv,3,1,
06/08/18,A1,PR,Temoin,C6,1,Luz.niv,4,0,
06/08/18,A1,PR,Temoin,E5,2,Sal.arc,1,13,
06/08/18,A1,PR,Temoin,E5,2,Arc.lat,2,2,
06/08/18,A1,PR,Temoin,E5,2,Pol.viv,3,0,
06/08/18,A1,PR,Temoin,E5,2,Luz.niv,4,9,
06/08/18,A1,PR,Temoin,E4,3,Sal.arc,1,5,
06/08/18,A1,PR,Temoin,E4,3,Arc.lat,2,0,
06/08/18,A1,PR,Temoin,E4,3,Pol.viv,3,1,
06/08/18,A1,PR,Temoin,E4,3,Luz.niv,4,12,1
06/08/18,A1,PR,Temoin,E4,3,Ste.lon,5,1,
06/08/18,A1,PR,Temoin,F2,4,Sal.arc,1,0,
06/08/18,A1,PR,Temoin,F2,4,Arc.lat,2,0,
06/08/18,A1,PR,Temoin,F2,4,Pol.viv,3,0,
06/08/18,A1,PR,Temoin,F2,4,Luz.niv,4,0,
06/08/18,A1,PR,Temoin,F2,4,Ste.lon,5,0,
06/08/18,A1,PR,Temoin,F2,4,Fes.sp,6,1,
06/08/18,Roc7,10,Exclos,E5,1,Dup.fis,1,13,
06/08/18,Roc7,10,Exclos,E5,1,Poa.arc,2,7,
06/08/18,Roc7,10,Exclos,E5,1,Hie.pau,3,10,1
06/08/18,Roc7,10,Exclos,E5,1,Eri.sch,4,2,
06/08/18,Roc7,10,Exclos,E5,1,Ste.lon,5,2,
06/08/18,Roc7,10,Exclos,E5,1,Car.aqu,6,2,
06/08/18,Roc7,10,Exclos,E6,2,Dup.fis,1,9,
06/08/18,Roc7,10,Exclos,E6,2,Poa.arc,2,4,
06/08/18,Roc7,10,Exclos,E6,2,Hie.pau,3,4,
06/08/18,Roc7,10,Exclos,E6,2,Eri.sch,4,1,
06/08/18,Roc7,10,Exclos,E6,2,Ste.lon,5,9,2
06/08/18,Roc7,10,Exclos,E1,3,Dup.fis,1,8,
06/08/18,Roc7,10,Exclos,E1,3,Poa.arc,2,5,3
06/08/18,Roc7,10,Exclos,E1,3,Hie.pau,3,3,
06/08/18,Roc7,10,Exclos,E1,3,Eri.sch,4,3,
06/08/18,Roc7,10,Exclos,E1,3,Ste.lon,5,2,2
06/08/18,Roc7,10,Exclos,E1,3,Car.aqu,6,2,
06/08/18,Roc7,10,Exclos,G1,4,Dup.fis,1,9,
06/08/18,Roc7,10,Exclos,G1,4,Poa.arc,2,4,2
06/08/18,Roc7,10,Exclos,G1,4,Hie.pau,3,6,
06/08/18,Roc7,10,Exclos,G1,4,Eri.sch,4,3,
06/08/18,Roc7,10,Exclos,G1,4,Ste.lon,5,1,
06/08/18,Roc7,10,Exclos,G1,4,Car.aqu,6,2,
07/08/18,Roc7,14,Temoin,D6,1,Hie.pau,1,143,4
07/08/18,Roc7,14,Temoin,D6,1,Dup.fis,2,15,
07/08/18,Roc7,14,Temoin,D6,1,Eri.sch,3,0,
07/08/18,Roc7,14,Temoin,D6,1,Ped.alb,4,0,
07/08/18,Roc7,14,Temoin,D6,1,Poa.arc,5,6,
07/08/18,Roc7,14,Temoin,C4,2,Hie.pau,1,136,7
07/08/18,Roc7,14,Temoin,C4,2,Dup.fis,2,2,
07/08/18,Roc7,14,Temoin,C4,2,Eri.sch,3,1,
07/08/18,Roc7,14,Temoin,C4,2,Ped.alb,4,1,
07/08/18,Roc7,14,Temoin,C4,2,Poa.arc,5,0,
07/08/18,Roc7,14,Temoin,C6,3,Hie.pau,1,120,10
07/08/18,Roc7,14,Temoin,C6,3,Dup.fis,2,2,
07/08/18,Roc7,14,Temoin,C6,3,Eri.sch,3,0,
07/08/18,Roc7,14,Temoin,C6,3,Ped.alb,4,1,
07/08/18,Roc7,14,Temoin,C6,3,Poa.arc,5,2,
07/08/18,Roc7,14,Temoin,H2,4,Hie.pau,1,117,
07/08/18,Roc7,14,Temoin,H2,4,Dup.fis,2,28,
07/08/18,Roc7,14,Temoin,H2,4,Eri.sch,3,0,
07/08/18,Roc7,14,Temoin,H2,4,Ped.alb,4,0,
07/08/18,Roc7,14,Temoin,H2,4,Poa.arc,5,4,
07/08/18,Roc7,14,Exclos,D7,1,Poa.arc,1,137,
07/08/18,Roc7,14,Exclos,D7,1,Hie.pau,2,0,
07/08/18,Roc7,14,Exclos,D7,1,Dup.fis,3,3,
07/08/18,Roc7,14,Exclos,D7,1,Eri.sch,4,12,
07/08/18,Roc7,14,Exclos,D7,1,Car.aqu,5,0,
07/08/18,Roc7,14,Exclos,D7,1,Sax.fol,6,,
07/08/18,Roc7,14,Exclos,D7,1,Ste.lon,7,,
07/08/18,Roc7,14,Exclos,H3,2,Poa.arc,1,155,11
07/08/18,Roc7,14,Exclos,H3,2,Hie.pau,2,14,
07/08/18,Roc7,14,Exclos,H3,2,Dup.fis,3,11,
07/08/18,Roc7,14,Exclos,H3,2,Eri.sch,4,8,
07/08/18,Roc7,14,Exclos,H3,2,Car.aqu,5,1,
07/08/18,Roc7,14,Exclos,H3,2,Sax.fol,6,0,
07/08/18,Roc7,14,Exclos,H3,2,Ste.lon,7,0,
07/08/18,Roc7,14,Exclos,A4,3,Poa.arc,1,3,1
07/08/18,Roc7,14,Exclos,A4,3,Hie.pau,2,65,
07/08/18,Roc7,14,Exclos,A4,3,Dup.fis,3,12,
07/08/18,Roc7,14,Exclos,A4,3,Eri.sch,4,2,
07/08/18,Roc7,14,Exclos,A4,3,Car.aqu,5,1,
07/08/18,Roc7,14,Exclos,A4,3,Sax.fol,6,1,
07/08/18,Roc7,14,Exclos,A4,3,Ste.lon,7,12,
07/08/18,Roc7,14,Exclos,C8,4,Poa.arc,1,164,
07/08/18,Roc7,14,Exclos,C8,4,Hie.pau,2,0,
07/08/18,Roc7,14,Exclos,C8,4,Dup.fis,3,17,
07/08/18,Roc7,14,Exclos,C8,4,Eri.sch,4,24,
07/08/18,Roc7,14,Exclos,C8,4,Car.aqu,5,0,
07/08/18,Roc7,14,Exclos,C8,4,Sax.fol,6,0,
07/08/18,Roc7,14,Exclos,C8,4,Ste.lon,7,3,
07/08/18,35,PS,Temoin,B4,1,Dup.fis,1,24,
07/08/18,35,PS,Temoin,B4,1,Eri.sch,2,4,
07/08/18,35,PS,Temoin,B4,1,Car.aqu,3,0,
07/08/18,35,PS,Temoin,E3,2,Dup.fis,1,11,
07/08/18,35,PS,Temoin,E3,2,Eri.sch,2,2,
07/08/18,35,PS,Temoin,E3,2,Car.aqu,3,0,
07/08/18,35,PS,Temoin,C4,3,Dup.fis,1,27,
07/08/18,35,PS,Temoin,C4,3,Eri.sch,2,0,
07/08/18,35,PS,Temoin,C4,3,Car.aqu,3,7,
07/08/18,35,PS,Temoin,A2,4,Dup.fis,1,10,
07/08/18,35,PS,Temoin,A2,4,Eri.sch,2,3,
07/08/18,35,PS,Temoin,A2,4,Car.aqu,3,5,
07/08/18,35,PS,Exclos,H7,4,Dup.fis,1,29,1
07/08/18,35,PS,Exclos,H7,4,Car.aqu,2,9,2
07/08/18,35,PS,Exclos,H7,4,Eri.sch,3,13,
07/08/18,35,PS,Exclos,H7,4,Caryo.sp,4,0,
07/08/18,35,PS,Exclos,H7,4,Hie.pau,5,6,
07/08/18,35,PS,Exclos,H7,4,Fes.sp,6,5,
07/08/18,35,PS,Exclos,F1,1,Dup.fis,1,11,
07/08/18,35,PS,Exclos,F1,1,Car.aqu,2,9,2
07/08/18,35,PS,Exclos,F1,1,Eri.sch,3,2,
07/08/18,35,PS,Exclos,F1,1,Caryo.sp,4,2,
07/08/18,35,PS,Exclos,F1,1,Hie.pau,5,0,
07/08/18,35,PS,Exclos,F1,1,Fes.sp,6,0,
07/08/18,35,PS,Exclos,F8,2,Dup.fis,1,19,
07/08/18,35,PS,Exclos,F8,2,Car.aqu,2,8,
07/08/18,35,PS,Exclos,F8,2,Eri.sch,3,5,
07/08/18,35,PS,Exclos,F8,2,Caryo.sp,4,0,
07/08/18,35,PS,Exclos,F8,2,Hie.pau,5,2,
07/08/18,35,PS,Exclos,F8,2,Fes.sp,6,0,
07/08/18,35,PS,Exclos,E2,3,Dup.fis,1,21,
07/08/18,35,PS,Exclos,E2,3,Car.aqu,2,2,
07/08/18,35,PS,Exclos,E2,3,Eri.sch,3,10,
07/08/18,35,PS,Exclos,E2,3,Caryo.sp,4,0,
07/08/18,35,PS,Exclos,E2,3,Hie.pau,5,0,
07/08/18,35,PS,Exclos,E2,3,Fes.sp,6,0,
07/08/18,C1,PR,Temoin,E8,1,Sal.arc,1,2,
07/08/18,C1,PR,Temoin,F6,2,Sal.arc,1,4,
07/08/18,C1,PR,Temoin,F6,2,Poa.arc,2,1,
07/08/18,C1,PR,Temoin,F6,2,Sax.opp,3,1,
07/08/18,C1,PR,Temoin,F7,3,Sal.arc,1,0,
07/08/18,C1,PR,Temoin,F7,3,Poa.arc,2,0,
07/08/18,C1,PR,Temoin,F7,3,Sax.opp,3,0,
07/08/18,C1,PR,Temoin,F7,3,Arc.lat,4,4,
07/08/18,C1,PR,Temoin,F7,3,Pol.viv,5,1,
07/08/18,C1,PR,Temoin,F7,3,Luz.niv,6,7,
07/08/18,C1,PR,Temoin,D4,4,Sal.arc,1,3,
07/08/18,C1,PR,Temoin,D4,4,Poa.arc,2,0,
07/08/18,C1,PR,Temoin,D4,4,Sax.opp,3,0,
07/08/18,C1,PR,Temoin,D4,4,Arc.lat,4,4,
07/08/18,C1,PR,Temoin,D4,4,Pol.viv,5,0,
07/08/18,C1,PR,Temoin,D4,4,Luz.niv,6,0,
07/08/18,C1,PR,Exclos,E6,2,Arc.lat,1,4,
07/08/18,C1,PR,Exclos,E6,2,Luz.niv,2,2,
07/08/18,C1,PR,Exclos,E6,2,Sal.arc,3,4,
07/08/18,C1,PR,Exclos,C5,1,Arc.lat,1,4,
07/08/18,C1,PR,Exclos,C5,1,Luz.niv,2,2,
07/08/18,C1,PR,Exclos,C5,1,Sal.arc,3,2,
07/08/18,C1,PR,Exclos,F5,3,Arc.lat,1,6,
07/08/18,C1,PR,Exclos,F5,3,Luz.niv,2,0,
07/08/18,C1,PR,Exclos,F5,3,Sal.arc,3,11,
07/08/18,C1,PR,Exclos,G4,4,Arc.lat,1,3,
07/08/18,C1,PR,Exclos,G4,4,Luz.niv,2,9,
07/08/18,C1,PR,Exclos,G4,4,Sal.arc,3,1,
07/08/18,C1,PR,Exclos,G4,4,Pol.viv,4,1,
07/08/18,C1,PR,Exclos,G4,4,Poa.arc,5,2,
,ROC7,6,Temoin,E4,2,Hie.pau,1,6,
,ROC7,6,Temoin,E4,2,Ped.alb,2,2,
,ROC7,6,Temoin,E4,2,Eri.sch,3,1,
,ROC7,6,Temoin,E4,2,Dup.fis,4,1,
,ROC7,6,Temoin,E4,2,Car.aqu,5,0,
,ROC7,6,Temoin,G2,1,Hie.pau,1,10,
,ROC7,6,Temoin,G2,1,Ped.alb,2,0,
,ROC7,6,Temoin,G2,1,Eri.sch,3,7,
,ROC7,6,Temoin,G2,1,Dup.fis,4,25,
,ROC7,6,Temoin,G2,1,Car.aqu,5,0,
,ROC7,6,Temoin,C7,3,Hie.pau,1,29,
,ROC7,6,Temoin,C7,3,Ped.alb,2,0,
,ROC7,6,Temoin,C7,3,Eri.sch,3,1,
,ROC7,6,Temoin,C7,3,Dup.fis,4,13,
,ROC7,6,Temoin,C7,3,Car.aqu,5,1,
,ROC7,6,Temoin,B3,4,Hie.pau,1,44,
,ROC7,6,Temoin,B3,4,Ped.alb,2,0,
,ROC7,6,Temoin,B3,4,Eri.sch,3,3,
,ROC7,6,Temoin,B3,4,Dup.fis,4,0,
,ROC7,6,Temoin,B3,4,Car.aqu,5,1,
,ROC7,1,Exclos,F4,3,Car.aqu,1,1,
,ROC7,1,Exclos,F4,3,Dup.fis,2,4,
,ROC7,1,Exclos,F4,3,Eri.sch,3,7,
,ROC7,1,Exclos,F4,3,Hie.pau,4,2,
,ROC7,1,Exclos,F4,3,Poa.arc,5,1,
,ROC7,1,Exclos,G1,1,Car.aqu,1,5,
,ROC7,1,Exclos,G1,1,Dup.fis,2,9,
,ROC7,1,Exclos,G1,1,Eri.sch,3,0,
,ROC7,1,Exclos,G1,1,Hie.pau,4,0,
,ROC7,1,Exclos,G1,1,Poa.arc,5,0,
,ROC7,1,Exclos,B2,4,Car.aqu,1,0,
,ROC7,1,Exclos,B2,4,Dup.fis,2,13,
,ROC7,1,Exclos,B2,4,Eri.sch,3,9,
,ROC7,1,Exclos,B2,4,Hie.pau,4,0,
,ROC7,1,Exclos,B2,4,Poa.arc,5,0,
,ROC7,1,Exclos,B3,2,Car.aqu,1,3,
,ROC7,1,Exclos,B3,2,Dup.fis,2,8,
,ROC7,1,Exclos,B3,2,Eri.sch,3,6,
,ROC7,1,Exclos,B3,2,Hie.pau,4,0,
,ROC7,1,Exclos,B3,2,Poa.arc,5,0,
,ROC7,1,Temoin,B5,1,Dup.fis,1,15,
,ROC7,1,Temoin,B5,1,Eri.sch,2,2,
,ROC7,1,Temoin,B5,1,Ped.alb,3,0,
,ROC7,1,Temoin,B5,1,Car.pra,4,0,
,ROC7,1,Temoin,G4,2,Dup.fis,1,22,
,ROC7,1,Temoin,G4,2,Eri.sch,2,1,
,ROC7,1,Temoin,G4,2,Ped.alb,3,3,
,ROC7,1,Temoin,G4,2,Car.pra,4,0,
,ROC7,1,Temoin,B7,3,Dup.fis,1,22,
,ROC7,1,Temoin,B7,3,Eri.sch,2,3,
,ROC7,1,Temoin,B7,3,Ped.alb,3,0,
,ROC7,1,Temoin,B7,3,Car.pra,4,2,
,ROC7,1,Temoin,E4,4,Dup.fis,1,20,
,ROC7,1,Temoin,E4,4,Eri.sch,2,2,
,ROC7,1,Temoin,E4,4,Ped.alb,3,2,
,ROC7,1,Temoin,E4,4,Car.pra,4,0,
,ROC7,4,Temoin,A5,2,Car.aqu,1,3,
,ROC7,4,Temoin,A5,2,Dup.fis,2,33,
,ROC7,4,Temoin,A5,2,Eri.sch,3,0,
,ROC7,4,Temoin,A5,2,Eri.ang,4,0,
,ROC7,4,Temoin,A5,2,Sal.arc,5,0,
,ROC7,4,Temoin,A5,2,Hie.pau,6,4,
,ROC7,4,Temoin,H6,1,Car.aqu,1,6,
,ROC7,4,Temoin,H6,1,Dup.fis,2,21,
,ROC7,4,Temoin,H6,1,Eri.sch,3,13,
,ROC7,4,Temoin,H6,1,Eri.ang,4,1,
,ROC7,4,Temoin,H6,1,Sal.arc,5,0,
,ROC7,4,Temoin,H6,1,Hie.pau,6,0,
,ROC7,4,Temoin,C8,3,Car.aqu,1,1,
,ROC7,4,Temoin,C8,3,Dup.fis,2,17,
,ROC7,4,Temoin,C8,3,Eri.sch,3,18,
,ROC7,4,Temoin,C8,3,Eri.ang,4,0,
,ROC7,4,Temoin,C8,3,Sal.arc,5,2,
,ROC7,4,Temoin,C8,3,Hie.pau,6,0,
,ROC7,4,Temoin,C2,4,Car.aqu,1,6,
,ROC7,4,Temoin,C2,4,Dup.fis,2,6,
,ROC7,4,Temoin,C2,4,Eri.sch,3,5,
,ROC7,4,Temoin,C2,4,Eri.ang,4,0,
,ROC7,4,Temoin,C2,4,Sal.arc,5,0,
,ROC7,4,Temoin,C2,4,Hie.pau,6,2,
,ROC7,6,Exclos,E1,1,Hie.pau,1,45,
,ROC7,6,Exclos,E1,1,Eri.sch,2,31,
,ROC7,6,Exclos,E1,1,Dup.fis,3,5,
,ROC7,6,Exclos,E1,1,Poa.sp,4,0,
,ROC7,6,Exclos,E1,1,Ste.lon,5,1,
,ROC7,6,Exclos,E1,1,Car.aqu,6,1,
,ROC7,6,Exclos,G3,2,Hie.pau,1,31,
,ROC7,6,Exclos,G3,2,Eri.sch,2,40,
,ROC7,6,Exclos,G3,2,Dup.fis,3,0,
,ROC7,6,Exclos,G3,2,Poa.sp,4,0,
,ROC7,6,Exclos,G3,2,Ste.lon,5,1,
,ROC7,6,Exclos,G3,2,Car.aqu,6,0,
,ROC7,6,Exclos,G4,3,Hie.pau,1,46,
,ROC7,6,Exclos,G4,3,Eri.sch,2,48,
,ROC7,6,Exclos,G4,3,Dup.fis,3,0,
,ROC7,6,Exclos,G4,3,Poa.sp,4,0,
,ROC7,6,Exclos,G4,3,Ste.lon,5,1,
,ROC7,6,Exclos,G4,3,Car.aqu,6,0,
,ROC7,6,Exclos,F7,4,Hie.pau,1,62,
,ROC7,6,Exclos,F7,4,Eri.sch,2,103,
,ROC7,6,Exclos,F7,4,Dup.fis,3,13,
,ROC7,6,Exclos,F7,4,Poa.sp,4,1,
,ROC7,6,Exclos,F7,4,Ste.lon,5,3,
,ROC7,6,Exclos,F7,4,Car.aqu,6,0,
,ROC7,4,Exclos,H5,2,Dup.fis,1,7,
,ROC7,4,Exclos,H5,2,Eri.ang,2,0,
,ROC7,4,Exclos,H5,2,Car.aqu,3,8,
,ROC7,4,Exclos,H5,2,Eri.sch,4,12,
,ROC7,4,Exclos,H5,2,Luz.con,5,2,
,ROC7,4,Exclos,H5,2,Sax.fol,6,2,
,ROC7,4,Exclos,B8,2,Dup.fis,1,7,
,ROC7,4,Exclos,B8,2,Eri.ang,2,1,
,ROC7,4,Exclos,B8,2,Car.aqu,3,5,
,ROC7,4,Exclos,B8,2,Eri.sch,4,6,
,ROC7,4,Exclos,B8,2,Luz.con,5,0,
,ROC7,4,Exclos,B8,2,Sax.fol,6,0,
,ROC7,4,Exclos,G7,2,Dup.fis,1,15,
,ROC7,4,Exclos,G7,2,Eri.ang,2,0,
,ROC7,4,Exclos,G7,2,Car.aqu,3,6,
,ROC7,4,Exclos,G7,2,Eri.sch,4,0,
,ROC7,4,Exclos,G7,2,Luz.con,5,0,
,ROC7,4,Exclos,G7,2,Sax.fol,6,0,
,ROC7,4,Exclos,F7,2,Dup.fis,1,7,
,ROC7,4,Exclos,F7,2,Eri.ang,2,1,
,ROC7,4,Exclos,F7,2,Car.aqu,3,0,
,ROC7,4,Exclos,F7,2,Eri.sch,4,5,
,ROC7,4,Exclos,F7,2,Luz.con,5,0,
,ROC7,4,Exclos,F7,2,Sax.fol,6,0,
